node_id,grid_id
1,41
2,41
3,22
4,22
5,63
6,63
7,27
8,27
9,27
10,2
11,3
12,80
13,80
14,27
15,27
16,28
17,28
18,36
19,36
20,16
21,16
22,60
23,60
24,17
25,17
26,56
27,56
28,56
29,43
30,43
31,43
32,14
33,14
34,33
35,33
36,22
37,21
38,18
39,18
40,19
41,8
42,8
43,27
44,27
45,41
46,36
47,39
48,39
49,39
50,90
51,90
52,41
53,41
54,75
55,75
56,39
57,39
58,63
59,63
60,63
61,57
62,57
63,41
64,41
65,41
66,42
67,42
68,42
69,63
70,63
71,23
72,23
73,60
74,60
75,16
76,16
77,75
78,75
79,23
80,23
81,23
82,23
83,23
84,42
85,42
86,57
87,57
88,58
89,17
90,17
91,51
92,51
93,51
94,56
95,51
96,58
97,58
98,60
99,60
100,75
101,75
102,7
103,7
104,11
105,11
106,12
107,12
108,12
109,53
110,53
111,16
112,16
113,16
114,54
115,54
116,8
117,13
118,22
119,23
120,22
121,17
122,17
123,52
124,51
125,53
126,53
127,14
128,14
129,67
130,67
131,18
132,18
133,3
134,3
135,13
136,13
137,13
138,54
139,54
140,51
141,51
142,48
143,48
144,41
145,40
146,57
147,57
148,32
149,32
150,42
151,42
152,42
153,13
154,13
155,30
156,30
157,48
158,48
159,61
160,61
161,75
162,75
163,75
164,52
165,52
166,38
167,38
168,26
169,26
170,40
171,40
172,22
173,22
174,21
175,20
176,46
177,46
178,22
179,22
180,22
181,41
182,41
183,27
184,27
185,27
186,36
187,36
188,17
189,17
190,85
191,85
192,85
193,37
194,37
195,37
196,47
197,47
198,18
199,18
200,18
201,18
202,38
203,38
204,50
205,50
206,22
207,22
208,80
209,80
210,26
211,26
212,81
213,81
214,81
215,57
216,57
217,19
218,19
219,13
220,18
221,52
222,52
223,57
224,46
225,46
226,22
227,22
228,8
229,8
230,8
231,8
232,8
233,13
234,18
235,18
236,80
237,80
238,31
239,31
240,31
241,39
242,39
243,39
244,13
245,13
246,13
247,14
248,14
249,14
250,17
251,17
252,17
253,38
254,38
255,59
256,59
257,63
258,64
259,63
260,8
261,8
262,26
263,26
264,7
265,7
266,7
267,57
268,57
269,27
270,27
271,47
272,47
273,48
274,48
275,28
276,28
277,28
278,57
279,57
280,57
281,96
282,96
283,31
284,31
285,51
286,51
287,51
288,39
289,39
290,42
291,42
292,42
293,57
294,62
295,57
296,62
297,62
298,58
299,58
300,67
301,67
302,13
303,13
304,18
305,18
306,18
307,21
308,21
309,37
310,37
311,90
312,91
313,41
314,41
315,17
316,17
317,17
318,17
319,53
320,53
321,48
322,49
323,48
324,18
325,18
326,18
327,55
328,55
329,55
330,80
331,80
332,37
333,37
334,18
335,19
336,63
337,63
338,85
339,85
340,28
341,28
342,38
343,38
344,81
345,81
346,11
347,11
348,42
349,42
350,58
351,58
352,41
353,41
354,41
355,41
356,51
357,51
358,61
359,61
360,61
361,21
362,21
363,21
364,75
365,75
366,24
367,24
368,42
369,42
370,48
371,48
372,48
373,38
374,38
375,38
376,38
377,61
378,61
379,27
380,26
381,26
382,26
383,16
384,16
385,16
386,13
387,13
388,28
389,33
390,28
391,27
392,27
393,27
394,12
395,12
396,12
397,90
398,90
399,51
400,51
401,80
402,80
403,80
404,23
405,23
406,14
407,14
408,14
409,24
410,24
411,13
412,13
413,33
414,33
415,23
416,23
417,23
418,13
419,13
420,7
421,7
422,7
423,7
424,58
425,58
426,28
427,28
428,71
429,71
430,8
431,8
432,61
433,13
434,13
435,13
436,58
437,58
438,58
439,51
440,51
441,52
442,52
443,31
444,31
445,53
446,53
447,52
448,52
449,42
450,42
451,42
452,14
453,14
454,14
455,53
456,53
457,52
458,52
459,27
460,27
461,57
462,56
463,57
464,41
465,41
466,31
467,31
468,57
469,57
470,8
471,8
472,8
473,81
474,81
475,46
476,46
477,91
478,91
479,46
480,46
481,46
482,62
483,62
484,3
485,3
486,24
487,24
488,40
489,40
490,62
491,63
492,62
493,44
494,44
495,28
496,28
497,8
498,8
499,8
500,71
501,71
502,32
503,32
504,36
505,36
506,37
507,37
508,50
509,50
510,50
511,31
512,31
513,62
514,62
515,81
516,81
517,13
518,13
519,35
520,35
521,35
522,53
523,53
524,8
525,8
526,3
527,3
528,63
529,63
530,21
531,21
532,48
533,48
534,48
535,13
536,13
537,50
538,50
539,21
540,21
541,28
542,28
543,50
544,50
545,61
546,61
547,61
548,12
549,12
550,16
551,16
552,7
553,7
554,7
555,66
556,66
557,52
558,52
559,57
560,57
561,28
562,28
563,53
564,53
565,33
566,33
567,8
568,3
569,95
570,95
571,31
572,9
573,9
574,85
575,85
576,71
577,71
578,27
579,27
580,27
581,57
582,57
583,55
584,55
585,60
586,60
587,51
588,56
589,51
590,57
591,57
592,56
593,56
594,56
595,66
596,66
597,66
598,75
599,75
600,3
601,3
602,26
603,26
604,24
605,24
606,8
607,8
608,61
609,61
610,19
611,19
612,14
613,14
614,53
615,53
616,60
617,60
618,36
619,36
620,66
621,66
622,65
623,27
624,26
625,22
626,22
627,33
628,33
629,50
630,33
631,33
632,46
633,46
634,42
635,42
636,19
637,19
638,90
639,90
640,90
641,23
642,23
643,23
644,71
645,71
646,28
647,28
648,19
649,19
650,12
651,12
652,72
653,72
654,61
655,61
656,31
657,31
658,22
659,95
660,95
661,2
662,2
663,38
664,37
665,38
666,21
667,21
668,38
669,38
670,7
671,13
672,13
673,13
674,32
675,32
676,17
677,17
678,31
679,30
680,33
681,33
682,33
683,14
684,14
685,38
686,39
687,38
688,3
689,3
690,38
691,38
692,38
693,32
694,32
695,76
696,38
697,38
698,31
699,31
700,31
701,24
702,24
703,66
704,66
705,13
706,14
707,13
708,21
709,41
710,41
711,14
712,14
713,71
714,71
715,71
716,70
717,70
718,33
719,33
720,53
721,53
722,53
723,43
724,43
725,33
726,33
727,33
728,38
729,38
730,45
731,45
732,22
733,22
734,31
735,31
736,44
737,49
738,67
739,67
740,85
741,85
742,85
743,30
744,30
745,38
746,38
747,45
748,45
749,80
750,80
751,36
752,36
753,91
754,90
755,91
756,55
757,55
758,55
759,55
760,55
761,36
762,36
763,7
764,7
765,81
766,81
767,86
768,33
769,33
770,56
771,66
772,66
773,41
774,41
775,37
776,37
777,50
778,50
779,47
780,47
781,23
782,23
783,23
784,43
785,43
786,53
787,54
788,2
789,2
790,2
791,53
792,53
793,53
794,47
795,47
796,17
797,17
798,66
799,66
800,42
801,42
802,12
803,12
804,12
805,75
806,75
807,19
808,19
809,58
810,59
811,43
812,43
813,43
814,63
815,63
816,39
817,39
818,13
819,13
820,12
821,43
822,43
823,32
824,32
825,3
826,3
827,3
828,3
829,57
830,57
831,12
832,12
833,45
834,45
835,12
836,12
837,12
838,12
839,23
840,23
841,80
842,80
843,80
844,36
845,36
846,36
847,48
848,48
849,85
850,85
851,46
852,46
853,23
854,23
855,37
856,37
857,12
858,12
859,3
860,3
861,3
862,49
863,49
864,63
865,63
866,58
867,58
868,63
869,63
870,12
871,12
872,12
873,90
874,90
875,18
876,18
877,31
878,36
879,31
880,28
881,28
882,36
883,36
884,36
885,56
886,56
887,80
888,80
889,22
890,22
891,22
892,57
893,58
894,58
895,63
896,63
897,24
898,24
899,27
900,26
901,35
902,35
903,14
904,14
905,48
906,48
907,31
908,31
909,12
910,12
911,58
912,58
913,58
914,26
915,26
916,17
917,22
918,17
919,80
920,80
921,38
922,38
923,38
924,14
925,14
926,44
927,44
928,32
929,32
930,32
931,16
932,16
933,16
934,38
935,38
936,19
937,19
938,13
939,13
940,39
941,39
942,48
943,71
944,71
945,71
946,12
947,12
948,12
949,12
950,2
951,2
952,37
953,37
954,81
955,81
956,41
957,41
958,13
959,62
960,62
961,67
962,67
963,17
964,17
965,17
966,17
967,52
968,52
969,52
970,60
971,60
972,31
973,30
974,51
975,51
976,58
977,58
978,45
979,45
980,50
981,50
982,14
983,14
984,14
985,63
986,63
987,12
988,12
989,67
990,72
991,66
992,61
993,61
994,61
995,26
996,25
997,32
998,32
999,32
1000,32
1001,3
1002,3
1003,13
1004,13
1005,48
1006,48
1007,12
1008,12
1009,23
1010,23
1011,25
1012,25
1013,31
1014,31
1015,81
1016,81
1017,51
1018,85
1019,85
1020,46
1021,46
1022,48
1023,48
1024,27
1025,27
1026,36
1027,36
1028,31
1029,31
1030,66
1031,66
1032,57
1033,57
1034,90
1035,90
1036,23
1037,23
1038,23
1039,17
1040,17
1041,17
1042,3
1043,3
1044,3
1045,23
1046,23
1047,26
1048,26
1049,28
1050,28
1051,80
1052,80
1053,38
1054,38
1055,17
1056,17
1057,49
1058,49
1059,30
1060,35
1061,35
1062,58
1063,58
1064,26
1065,26
1066,9
1067,9
1068,9
1069,44
1070,44
1071,32
1072,32
1073,52
1074,52
1075,18
1076,18
1077,18
1078,61
1079,61
1080,66
1081,66
1082,43
1083,43
1084,58
1085,58
1086,38
1087,38
1088,38
1089,81
1090,81
1091,81
1092,38
1093,38
1094,63
1095,63
1096,31
1097,31
1098,18
1099,18
1100,18
1101,61
1102,61
1103,81
1104,81
1105,8
1106,8
1107,8
1108,41
1109,41
1110,16
1111,16
1112,58
1113,12
1114,12
1115,52
1116,52
1117,53
1118,75
1119,75
1120,17
1121,17
1122,17
1123,12
1124,12
1125,12
1126,67
1127,67
1128,58
1129,58
1130,27
1131,27
1132,47
1133,47
1134,28
1135,28
1136,28
1137,14
1138,14
1139,13
1140,13
1141,13
1142,8
1143,8
1144,8
1145,64
1146,64
1147,8
1148,38
1149,38
1150,14
1151,14
1152,14
1153,32
1154,32
1155,8
1156,8
1157,19
1158,24
1159,17
1160,86
1161,86
1162,80
1163,80
1164,58
1165,58
1166,81
1167,81
1168,72
1169,72
1170,75
1171,75
1172,75
1173,75
1174,75
1175,36
1176,60
1177,60
1178,48
1179,49
1180,49
1181,38
1182,38
1183,33
1184,38
1185,24
1186,29
1187,28
1188,28
1189,28
1190,22
1191,22
1192,61
1193,61
1194,51
1195,51
1196,51
1197,23
1198,23
1199,67
1200,67
1201,18
1202,18
1203,21
1204,21
1205,14
1206,14
1207,26
1208,26
1209,66
1210,67
1211,48
1212,48
1213,17
1214,17
1215,71
1216,71
1217,50
1218,50
1219,50
1220,8
1221,8
1222,9
1223,30
1224,30
1225,38
1226,38
1227,65
1228,65
1229,43
1230,43
1231,47
1232,47
1233,47
1234,7
1235,7
1236,23
1237,23
1238,26
1239,26
1240,65
1241,65
1242,65
1243,90
1244,90
1245,37
1246,37
1247,50
1248,50
1249,13
1250,13
1251,8
1252,8
1253,37
1254,37
1255,26
1256,26
1257,9
1258,9
1259,71
1260,62
1261,62
1262,61
1263,31
1264,31
1265,32
1266,32
1267,62
1268,62
1269,60
1270,58
1271,58
1272,58
1273,58
1274,47
1275,47
1276,47
1277,38
1278,38
1279,3
1280,3
1281,3
1282,18
1283,18
1284,25
1285,25
1286,32
1287,32
1288,71
1289,71
1290,76
1291,75
1292,19
1293,19
1294,42
1295,43
1296,42
1297,81
1298,81
1299,57
1300,57
1301,85
1302,85
1303,85
1304,38
1305,38
1306,13
1307,13
1308,31
1309,31
1310,7
1311,7
1312,53
1313,3
1314,3
1315,63
1316,63
1317,63
1318,28
1319,28
1320,66
1321,26
1322,26
1323,80
1324,81
1325,17
1326,17
1327,17
1328,24
1329,24
1330,24
1331,57
1332,56
1333,51
1334,51
1335,51
1336,41
1337,41
1338,37
1339,37
1340,65
1341,65
1342,55
1343,3
1344,3
1345,41
1346,41
1347,61
1348,61
1349,90
1350,90
1351,41
1352,41
1353,46
1354,46
1355,50
1356,62
1357,62
1358,62
1359,62
1360,62
1361,62
1362,62
1363,40
1364,40
1365,40
1366,90
1367,42
1368,42
1369,14
1370,14
1371,57
1372,57
1373,57
1374,57
1375,57
1376,8
1377,8
1378,8
1379,26
1380,26
1381,66
1382,66
1383,12
1384,12
1385,96
1386,96
1387,18
1388,18
1389,48
1390,48
1391,62
1392,62
1393,62
1394,62
1395,80
1396,80
1397,75
1398,75
1399,67
1400,67
1401,52
1402,52
1403,33
1404,33
1405,28
1406,28
1407,28
1408,8
1409,8
1410,14
1411,14
1412,80
1413,80
1414,17
1415,17
1416,35
1417,35
1418,27
1419,26
1420,14
1421,14
1422,58
1423,58
1424,58
1425,47
1426,47
1427,47
1428,62
1429,62
1430,53
1431,53
1432,28
1433,28
1434,28
1435,54
1436,54
1437,54
1438,54
1439,26
1440,26
1441,26
1442,26
1443,37
1444,96
1445,96
1446,35
1447,35
1448,8
1449,8
1450,8
1451,57
1452,56
1453,66
1454,66
1455,38
1456,38
1457,17
1458,17
1459,81
1460,81
1461,41
1462,41
1463,70
1464,70
1465,58
1466,58
1467,58
1468,13
1469,13
1470,13
1471,19
1472,19
1473,24
1474,24
1475,24
1476,24
1477,26
1478,66
1479,66
1480,60
1481,60
1482,36
1483,36
1484,25
1485,25
1486,46
1487,46
1488,53
1489,53
1490,30
1491,30
1492,27
1493,27
1494,41
1495,13
1496,28
1497,13
1498,39
1499,39
1500,30
1501,30
1502,48
1503,48
1504,48
1505,19
1506,19
1507,19
1508,71
1509,71
1510,16
1511,16
1512,16
1513,21
1514,21
1515,32
1516,32
1517,18
1518,18
1519,16
1520,16
1521,90
1522,90
1523,56
1524,50
1525,50
1526,50
1527,18
1528,18
1529,22
1530,22
1531,22
1532,46
1533,46
1534,80
1535,80
1536,21
1537,21
1538,81
1539,81
1540,37
1541,37
1542,49
1543,49
1544,49
1545,50
1546,63
1547,63
1548,85
1549,85
1550,14
1551,14
1552,45
1553,45
1554,45
1555,8
1556,8
1557,86
1558,86
1559,56
1560,56
1561,43
1562,43
1563,38
1564,38
1565,27
1566,27
1567,27
1568,51
1569,51
1570,51
1571,51
1572,21
1573,21
1574,43
1575,43
1576,43
1577,12
1578,28
1579,28
1580,21
1581,53
1582,53
1583,37
1584,43
1585,43
1586,42
1587,42
1588,8
1589,8
1590,31
1591,31
1592,85
1593,85
1594,16
1595,16
1596,16
1597,31
1598,31
1599,14
1600,14
1601,42
1602,43
1603,43
1604,37
1605,38
1606,9
1607,9
1608,52
1609,53
1610,52
1611,75
1612,27
1613,27
1614,17
1615,17
1616,43
1617,43
1618,17
1619,16
1620,14
1621,14
1622,85
1623,32
1624,32
1625,33
1626,33
1627,37
1628,37
1629,53
1630,8
1631,8
1632,25
1633,25
1634,23
1635,23
1636,23
1637,36
1638,36
1639,28
1640,28
1641,41
1642,41
1643,21
1644,21
1645,90
1646,90
1647,43
1648,48
1649,44
1650,67
1651,67
1652,14
1653,14
1654,8
1655,8
1656,8
1657,8
1658,49
1659,49
1660,3
1661,3
1662,43
1663,43
1664,33
1665,33
1666,33
1667,46
1668,46
1669,41
1670,14
1671,13
1672,16
1673,16
1674,16
1675,85
1676,85
1677,85
1678,38
1679,38
1680,66
1681,66
1682,60
1683,60
1684,60
1685,31
1686,31
1687,44
1688,44
1689,45
1690,45
1691,71
1692,71
1693,32
1694,32
1695,17
1696,17
1697,17
1698,66
1699,16
1700,16
1701,32
1702,65
1703,65
1704,57
1705,57
1706,2
1707,2
1708,14
1709,14
1710,61
1711,61
1712,67
1713,67
1714,37
1715,37
1716,37
1717,17
1718,17
1719,60
1720,60
1721,2
1722,2
1723,8
1724,8
1725,48
1726,48
1727,62
1728,62
1729,61
1730,22
1731,70
1732,70
1733,27
1734,27
1735,27
1736,13
1737,13
1738,12
1739,53
1740,53
1741,66
1742,66
1743,71
1744,71
1745,63
1746,63
1747,32
1748,32
1749,32
1750,56
1751,56
1752,27
1753,27
1754,48
1755,48
1756,67
1757,32
1758,32
1759,32
1760,32
1761,32
1762,26
1763,26
1764,67
1765,67
1766,75
1767,75
1768,75
1769,75
1770,14
1771,14
1772,14
1773,36
1774,36
1775,67
1776,67
1777,52
1778,52
1779,80
1780,80
1781,31
1782,31
1783,19
1784,19
1785,19
1786,22
1787,22
1788,21
1789,21
1790,21
1791,56
1792,56
1793,56
1794,58
1795,38
1796,38
1797,17
1798,18
1799,18
1800,40
1801,35
1802,95
1803,22
1804,22
1805,57
1806,13
1807,46
1808,13
1809,13
1810,41
1811,41
1812,41
1813,13
1814,13
1815,81
1816,81
1817,13
1818,13
1819,37
1820,37
1821,56
1822,55
1823,35
1824,35
1825,91
1826,11
1827,11
1828,66
1829,71
1830,28
1831,28
1832,28
1833,3
1834,8
1835,3
1836,3
1837,3
1838,19
1839,18
1840,66
1841,66
1842,19
1843,19
1844,55
1845,60
1846,12
1847,12
1848,12
1849,39
1850,39
1851,12
1852,12
1853,60
1854,60
1855,65
1856,65
1857,27
1858,27
1859,27
1860,38
1861,38
1862,22
1863,43
1864,43
1865,43
1866,26
1867,26
1868,55
1869,55
1870,60
1871,60
1872,36
1873,36
1874,14
1875,14
1876,80
1877,80
1878,26
1879,26
1880,26
1881,26
1882,8
1883,7
1884,60
1885,2
1886,2
1887,12
1888,12
1889,7
1890,7
1891,7
1892,22
1893,21
1894,8
1895,8
1896,8
1897,13
1898,13
1899,80
1900,80
1901,50
1902,33
1903,36
1904,36
1905,75
1906,75
1907,76
1908,81
1909,28
1910,28
1911,45
1912,45
1913,45
1914,35
1915,35
1916,18
1917,45
1918,45
1919,75
1920,75
1921,50
1922,23
1923,23
1924,16
1925,16
1926,38
1927,38
1928,34
1929,34
1930,29
1931,29
1932,81
1933,81
1934,71
1935,71
1936,8
1937,51
1938,51
1939,51
1940,22
1941,22
1942,22
1943,22
1944,16
1945,16
1946,57
1947,57
1948,35
1949,35
1950,35
1951,80
1952,80
1953,51
1954,17
1955,17
1956,17
1957,8
1958,8
1959,8
1960,12
1961,12
1962,16
1963,16
1964,16
1965,12
1966,12
1967,58
1968,58
1969,46
1970,46
1971,8
1972,8
1973,32
1974,32
1975,32
1976,32
1977,19
1978,19
1979,28
1980,28
1981,18
1982,18
1983,48
1984,48
1985,40
1986,40
1987,24
1988,23
1989,21
1990,21
1991,26
1992,25
1993,56
1994,56
1995,46
1996,44
1997,44
1998,55
1999,55
2000,71
2001,71
2002,51
2003,51
2004,33
2005,33
2006,71
2007,28
2008,28
2009,62
2010,62
2011,50
2012,50
2013,17
2014,7
2015,7
2016,85
2017,85
2018,42
2019,42
2020,42
2021,14
2022,14
2023,63
2024,63
2025,65
2026,65
2027,23
2028,23
2029,23
2030,90
2031,90
2032,90
2033,90
2034,58
2035,58
2036,91
2037,91
2038,27
2039,27
2040,27
2041,27
2042,57
2043,57
2044,40
2045,40
2046,25
2047,25
2048,13
2049,13
2050,66
2051,66
2052,12
2053,12
2054,42
2055,14
2056,14
2057,85
2058,85
2059,11
2060,12
2061,11
2062,35
2063,40
2064,41
2065,32
2066,32
2067,8
2068,8
2069,8
2070,37
2071,37
2072,37
2073,8
2074,8
2075,8
2076,44
2077,44
2078,86
2079,86
2080,24
2081,24
2082,16
2083,16
2084,22
2085,22
2086,96
2087,96
2088,7
2089,7
2090,2
2091,2
2092,2
2093,55
2094,55
2095,85
2096,85
2097,85
2098,9
2099,9
2100,12
2101,12
2102,38
2103,38
2104,38
2105,17
2106,17
2107,16
2108,25
2109,25
2110,85
2111,85
2112,53
2113,53
2114,52
2115,52
2116,52
2117,57
2118,57
2119,3
2120,3
2121,47
2122,47
2123,47
2124,90
2125,90
2126,96
2127,96
2128,12
2129,12
2130,43
2131,43
2132,23
2133,23
2134,23
2135,55
2136,62
2137,62
2138,42
2139,42
2140,42
2141,22
2142,71
2143,71
2144,71
2145,40
2146,40
2147,13
2148,13
2149,52
2150,52
2151,21
2152,21
2153,8
2154,8
2155,8
2156,8
2157,38
2158,38
2159,24
2160,24
2161,45
2162,37
2163,37
2164,3
2165,3
2166,23
2167,23
2168,23
2169,26
2170,26
2171,26
2172,26
2173,26
2174,26
2175,8
2176,63
2177,63
2178,63
2179,35
2180,48
2181,48
2182,50
2183,50
2184,50
2185,56
2186,56
2187,56
2188,17
2189,12
2190,13
2191,13
2192,18
2193,71
2194,71
2195,70
2196,70
2197,76
2198,76
2199,76
2200,19
2201,18
2202,19
2203,43
2204,43
2205,43
2206,32
2207,32
2208,32
2209,63
2210,58
2211,58
2212,58
2213,90
2214,90
2215,21
2216,21
2217,51
2218,51
2219,66
2220,66
2221,2
2222,2
2223,53
2224,53
2225,76
2226,76
2227,63
2228,63
2229,60
2230,60
2231,50
2232,50
2233,30
2234,30
2235,46
2236,46
2237,76
2238,76
2239,14
2240,14
2241,18
2242,18
2243,28
2244,28
2245,28
2246,11
2247,11
2248,11
2249,56
2250,56
2251,56
2252,41
2253,41
2254,12
2255,12
2256,12
2257,12
2258,27
2259,27
2260,31
2261,31
2262,32
2263,32
2264,32
2265,90
2266,90
2267,90
2268,19
2269,19
2270,48
2271,48
2272,75
2273,75
2274,76
2275,76
2276,9
2277,9
2278,60
2279,60
2280,62
2281,62
2282,8
2283,8
2284,8
2285,95
2286,21
2287,21
2288,21
2289,47
2290,47
2291,31
2292,31
2293,80
2294,33
2295,33
2296,63
2297,63
2298,14
2299,14
2300,71
2301,71
2302,71
2303,33
2304,14
2305,14
2306,43
2307,44
2308,75
2309,75
2310,22
2311,22
2312,62
2313,62
2314,27
2315,27
2316,36
2317,36
2318,37
2319,37
2320,36
2321,36
2322,14
2323,14
2324,46
2325,46
2326,38
2327,38
2328,38
2329,41
2330,7
2331,7
2332,7
2333,63
2334,58
2335,58
2336,23
2337,23
2338,7
2339,7
2340,7
2341,12
2342,33
2343,33
2344,23
2345,22
2346,23
2347,23
2348,60
2349,18
2350,80
2351,80
2352,14
2353,9
2354,16
2355,16
2356,16
2357,85
2358,85
2359,85
2360,33
2361,16
2362,16
2363,62
2364,62
2365,62
2366,62
2367,31
2368,31
2369,14
2370,14
2371,14
2372,14
2373,14
2374,22
2375,22
2376,63
2377,63
2378,21
2379,20
2380,22
2381,22
2382,59
2383,59
2384,34
2385,34
2386,86
2387,91
2388,56
2389,33
2390,33
2391,66
2392,66
2393,66
2394,36
2395,36
2396,18
2397,18
2398,18
2399,45
2400,45
2401,14
2402,14
2403,14
2404,23
2405,48
2406,48
2407,17
2408,17
2409,41
2410,40
2411,32
2412,31
2413,22
2414,22
2415,22
2416,22
2417,22
2418,22
2419,60
2420,60
2421,38
2422,16
2423,16
2424,13
2425,12
2426,13
2427,48
2428,48
2429,14
2430,14
2431,57
2432,7
2433,7
2434,36
2435,36
2436,61
2437,61
2438,80
2439,80
2440,80
2441,80
2442,18
2443,18
2444,18
2445,66
2446,66
2447,41
2448,75
2449,43
2450,43
2451,8
2452,8
2453,57
2454,57
2455,46
2456,46
2457,80
2458,80
2459,65
2460,65
2461,11
2462,11
2463,70
2464,70
2465,32
2466,32
2467,32
2468,61
2469,60
2470,3
2471,47
2472,13
2473,13
2474,63
2475,63
2476,12
2477,12
2478,65
2479,65
2480,17
2481,17
2482,22
2483,22
2484,2
2485,2
2486,32
2487,32
2488,19
2489,19
2490,19
2491,18
2492,18
2493,18
2494,36
2495,36
2496,36
2497,42
2498,51
2499,51
2500,51
2501,14
2502,14
2503,46
2504,19
2505,19
2506,19
2507,19
2508,19
2509,19
2510,66
2511,66
2512,28
2513,28
2514,51
2515,47
2516,47
2517,2
2518,2
2519,53
2520,53
2521,66
2522,66
2523,66
2524,65
2525,28
2526,28
2527,28
2528,65
2529,65
2530,67
2531,67
2532,23
2533,24
2534,52
2535,52
2536,24
2537,24
2538,7
2539,7
2540,62
2541,62
2542,52
2543,52
2544,52
2545,12
2546,12
2547,48
2548,48
2549,43
2550,43
2551,75
2552,75
2553,52
2554,52
2555,24
2556,24
2557,59
2558,59
2559,59
2560,63
2561,53
2562,38
2563,8
2564,9
2565,75
2566,75
2567,8
2568,8
2569,36
2570,36
2571,36
2572,58
2573,63
2574,70
2575,75
2576,80
2577,80
2578,14
2579,14
2580,14
2581,75
2582,75
2583,75
2584,57
2585,62
2586,14
2587,14
2588,7
2589,7
2590,22
2591,22
2592,22
2593,26
2594,31
2595,26
2596,42
2597,42
2598,42
2599,61
2600,61
2601,59
2602,59
2603,17
2604,17
2605,17
2606,40
2607,40
2608,40
2609,23
2610,23
2611,14
2612,50
2613,50
2614,38
2615,13
2616,13
2617,38
2618,38
2619,22
2620,22
2621,14
2622,14
2623,59
2624,17
2625,17
2626,2
2627,2
2628,71
2629,71
2630,33
2631,33
2632,70
2633,70
2634,41
2635,40
2636,66
2637,48
2638,48
2639,53
2640,53
2641,28
2642,28
2643,18
2644,22
2645,22
2646,71
2647,71
2648,76
2649,76
2650,3
2651,8
2652,8
2653,2
2654,86
2655,8
2656,8
2657,8
2658,67
2659,67
2660,36
2661,36
2662,12
2663,17
2664,14
2665,14
2666,76
2667,75
2668,75
2669,19
2670,19
2671,46
2672,46
2673,56
2674,56
2675,26
2676,26
2677,8
2678,8
2679,32
2680,32
2681,60
2682,60
2683,85
2684,85
2685,51
2686,58
2687,58
2688,76
2689,76
2690,76
2691,8
2692,8
2693,8
2694,23
2695,13
2696,13
2697,13
2698,47
2699,46
2700,47
2701,37
2702,57
2703,57
2704,27
2705,27
2706,17
2707,17
2708,8
2709,8
2710,8
2711,66
2712,27
2713,27
2714,18
2715,18
2716,43
2717,43
2718,38
2719,17
2720,17
2721,49
2722,49
2723,9
2724,9
2725,63
2726,63
2727,3
2728,37
2729,36
2730,90
2731,90
2732,90
2733,47
2734,47
2735,31
2736,31
2737,80
2738,57
2739,57
2740,63
2741,75
2742,75
2743,61
2744,61
2745,43
2746,43
2747,13
2748,13
2749,13
2750,13
2751,18
2752,18
2753,18
2754,24
2755,24
2756,27
2757,27
2758,90
2759,90
2760,90
2761,8
2762,8
2763,71
2764,23
2765,23
2766,17
2767,16
2768,16
2769,16
2770,37
2771,37
2772,37
2773,76
2774,76
2775,76
2776,61
2777,61
2778,35
2779,47
2780,47
2781,37
2782,37
2783,19
2784,19
2785,32
2786,32
2787,40
2788,40
2789,57
2790,12
2791,12
2792,12
2793,48
2794,48
2795,48
2796,24
2797,24
2798,52
2799,52
2800,9
2801,65
2802,65
2803,43
2804,43
2805,47
2806,47
2807,59
2808,59
2809,31
2810,30
2811,70
2812,12
2813,12
2814,12
2815,17
2816,17
2817,52
2818,52
2819,75
2820,75
2821,75
2822,85
2823,85
2824,85
2825,51
2826,51
2827,23
2828,23
2829,58
2830,58
2831,18
2832,37
2833,37
2834,46
2835,28
2836,64
2837,51
2838,51
2839,91
2840,91
2841,91
2842,91
2843,18
2844,18
2845,21
2846,21
2847,8
2848,8
2849,36
2850,36
2851,42
2852,42
2853,90
2854,90
2855,33
2856,33
2857,81
2858,45
2859,45
2860,81
2861,81
2862,45
2863,45
2864,67
2865,67
2866,67
2867,90
2868,90
2869,26
2870,26
2871,26
2872,47
2873,47
2874,13
2875,13
2876,33
2877,33
2878,56
2879,56
2880,33
2881,33
2882,28
2883,28
2884,27
2885,14
2886,14
2887,37
2888,66
2889,65
2890,57
2891,57
2892,90
2893,90
2894,91
2895,91
2896,47
2897,47
2898,47
2899,76
2900,76
2901,32
2902,32
2903,12
2904,12
2905,12
2906,33
2907,33
2908,33
2909,22
2910,22
2911,8
2912,32
2913,32
2914,32
2915,32
2916,67
2917,21
2918,21
2919,85
2920,85
2921,65
2922,65
2923,45
2924,45
2925,33
2926,33
2927,46
2928,51
2929,70
2930,17
2931,17
2932,37
2933,37
2934,2
2935,2
2936,70
2937,70
2938,39
2939,63
2940,63
2941,48
2942,39
2943,28
2944,33
2945,57
2946,85
2947,85
2948,48
2949,48
2950,14
2951,14
2952,13
2953,13
2954,75
2955,75
2956,75
2957,80
2958,80
2959,23
2960,23
2961,65
2962,65
2963,41
2964,41
2965,33
2966,33
2967,50
2968,50
2969,13
2970,13
2971,18
2972,75
2973,75
2974,8
2975,8
2976,41
2977,41
2978,21
2979,21
2980,32
2981,32
2982,32
2983,64
2984,96
2985,96
2986,96
2987,17
2988,17
2989,17
2990,17
2991,91
2992,91
2993,91
2994,91
2995,75
2996,41
2997,41
2998,43
2999,43
3000,23
3001,91
3002,91
3003,91
3004,16
3005,11
3006,12
3007,12
3008,12
3009,30
3010,30
3011,30
3012,22
3013,22
3014,22
3015,80
3016,80
3017,23
3018,12
3019,12
3020,60
3021,39
3022,44
3023,52
3024,81
3025,80
3026,33
3027,33
3028,56
3029,56
3030,36
3031,36
3032,36
3033,71
3034,71
3035,85
3036,85
3037,90
3038,13
3039,13
3040,67
3041,67
3042,37
3043,37
3044,23
3045,23
3046,17
3047,62
3048,62
3049,47
3050,47
3051,48
3052,33
3053,37
3054,37
3055,7
3056,7
3057,49
3058,49
3059,58
3060,58
3061,63
3062,21
3063,21
3064,22
3065,22
3066,37
3067,8
3068,85
3069,32
3070,63
3071,65
3072,65
3073,45
3074,45
3075,40
3076,40
3077,7
3078,38
3079,38
3080,55
3081,7
3082,7
3083,7
3084,32
3085,32
3086,27
3087,23
3088,23
3089,2
3090,2
3091,85
3092,71
3093,71
3094,36
3095,36
3096,22
3097,19
3098,19
3099,43
3100,43
3101,51
3102,51
3103,51
3104,53
3105,42
3106,57
3107,57
3108,13
3109,8
3110,13
3111,13
3112,18
3113,18
3114,85
3115,85
3116,48
3117,37
3118,37
3119,12
3120,12
3121,32
3122,32
3123,62
3124,62
3125,62
3126,49
3127,12
3128,12
3129,18
3130,18
3131,33
3132,33
3133,28
3134,28
3135,19
3136,32
3137,32
3138,44
3139,58
3140,58
3141,36
3142,58
3143,58
3144,14
3145,14
3146,14
3147,36
3148,36
3149,36
3150,18
3151,12
3152,12
3153,13
3154,13
3155,13
3156,22
3157,22
3158,14
3159,14
3160,33
3161,38
3162,38
3163,38
3164,38
3165,22
3166,22
3167,40
3168,14
3169,14
3170,14
3171,12
3172,12
3173,47
3174,48
3175,56
3176,61
3177,61
3178,61
3179,57
3180,63
3181,63
3182,67
3183,67
3184,3
3185,3
3186,2
3187,62
3188,62
3189,66
3190,66
3191,85
3192,85
3193,61
3194,61
3195,61
3196,18
3197,52
3198,17
3199,16
3200,16
3201,18
3202,43
3203,43
3204,7
3205,7
3206,65
3207,65
3208,70
3209,45
3210,43
3211,43
3212,33
3213,41
3214,55
3215,81
3216,81
3217,81
3218,32
3219,32
3220,23
3221,8
3222,8
3223,8
3224,13
3225,2
3226,2
3227,13
3228,13
3229,27
3230,26
3231,91
3232,91
3233,44
3234,44
3235,61
3236,61
3237,61
3238,61
3239,62
3240,62
3241,62
3242,67
3243,12
3244,13
3245,12
3246,52
3247,47
3248,40
3249,50
3250,50
3251,14
3252,24
3253,24
3254,16
3255,16
3256,49
3257,12
3258,12
3259,12
3260,57
3261,57
3262,3
3263,36
3264,66
3265,66
3266,61
3267,90
3268,90
3269,37
3270,16
3271,16
3272,12
3273,12
3274,64
3275,81
3276,3
3277,3
3278,48
3279,48
3280,49
3281,14
3282,14
3283,28
3284,28
3285,19
3286,19
3287,46
3288,55
3289,55
3290,91
3291,91
3292,41
3293,41
3294,47
3295,47
3296,65
3297,65
3298,57
3299,57
3300,60
3301,25
3302,25
3303,57
3304,57
3305,46
3306,46
3307,46
3308,44
3309,53
3310,53
3311,53
3312,26
3313,26
3314,8
3315,90
3316,90
3317,90
3318,70
3319,70
3320,75
3321,85
3322,85
3323,14
3324,14
3325,22
3326,22
3327,23
3328,90
3329,90
3330,19
3331,19
3332,33
3333,33
3334,27
3335,27
3336,71
3337,71
3338,42
3339,42
3340,75
3341,75
3342,14
3343,14
3344,12
3345,12
3346,91
3347,91
3348,75
3349,75
3350,75
3351,38
3352,38
3353,23
3354,23
3355,67
3356,67
3357,71
3358,71
3359,80
3360,75
3361,51
3362,51
3363,21
3364,80
3365,80
3366,66
3367,11
3368,61
3369,43
3370,50
3371,50
3372,43
3373,52
3374,27
3375,27
3376,27
3377,52
3378,52
3379,53
3380,49
3381,76
3382,76
3383,76
3384,65
3385,47
3386,21
3387,21
3388,61
3389,41
3390,41
3391,41
3392,18
3393,18
3394,18
3395,80
3396,80
3397,85
3398,65
3399,65
3400,13
3401,13
3402,80
3403,80
3404,67
3405,51
3406,51
3407,43
3408,43
3409,43
3410,12
3411,80
3412,80
3413,22
3414,22
3415,66
3416,13
3417,13
3418,60
3419,38
3420,38
3421,12
3422,48
3423,48
3424,32
3425,32
3426,32
3427,61
3428,61
3429,16
3430,16
3431,46
3432,46
3433,18
3434,18
3435,18
3436,75
3437,80
3438,33
3439,33
3440,80
3441,80
3442,46
3443,46
3444,32
3445,32
3446,2
3447,2
3448,85
3449,85
3450,81
3451,81
3452,81
3453,42
3454,42
3455,2
3456,8
3457,8
3458,25
3459,25
3460,51
3461,51
3462,62
3463,62
3464,21
3465,21
3466,21
3467,43
3468,49
3469,58
3470,37
3471,37
3472,51
3473,51
3474,18
3475,18
3476,81
3477,48
3478,48
3479,19
3480,19
3481,19
3482,66
3483,66
3484,52
3485,52
3486,24
3487,24
3488,42
3489,26
3490,7
3491,7
3492,48
3493,48
3494,37
3495,37
3496,37
3497,42
3498,31
3499,31
3500,51
3501,51
3502,7
3503,7
3504,7
3505,37
3506,16
3507,16
3508,56
3509,56
3510,8
3511,8
3512,17
3513,17
3514,27
3515,27
3516,13
3517,76
3518,76
3519,67
3520,53
3521,53
3522,53
3523,8
3524,38
3525,38
3526,38
3527,41
3528,41
3529,19
3530,67
3531,67
3532,16
3533,16
3534,16
3535,57
3536,57
3537,62
3538,62
3539,76
3540,13
3541,13
3542,57
3543,58
3544,27
3545,28
3546,28
3547,9
3548,9
3549,58
3550,58
3551,41
3552,41
3553,48
3554,47
3555,31
3556,31
3557,38
3558,38
3559,46
3560,46
3561,80
3562,80
3563,19
3564,19
3565,14
3566,14
3567,47
3568,47
3569,80
3570,80
3571,13
3572,13
3573,18
3574,18
3575,18
3576,13
3577,13
3578,52
3579,52
3580,81
3581,48
3582,48
3583,48
3584,37
3585,37
3586,43
3587,43
3588,47
3589,47
3590,63
3591,63
3592,22
3593,23
3594,23
3595,38
3596,38
3597,38
3598,75
3599,75
3600,56
3601,56
3602,47
3603,47
3604,62
3605,62
3606,62
3607,62
3608,62
3609,62
3610,63
3611,63
3612,63
3613,24
3614,24
3615,66
3616,57
3617,57
3618,42
3619,42
3620,75
3621,75
3622,31
3623,31
3624,31
3625,41
3626,72
3627,71
3628,13
3629,8
3630,8
3631,8
3632,76
3633,76
3634,14
3635,14
3636,7
3637,7
3638,38
3639,38
3640,24
3641,2
3642,2
3643,37
3644,12
3645,12
3646,28
3647,28
3648,28
3649,49
3650,49
3651,45
3652,45
3653,55
3654,12
3655,31
3656,31
3657,16
3658,26
3659,36
3660,36
3661,36
3662,90
3663,90
3664,62
3665,62
3666,80
3667,80
3668,80
3669,71
3670,71
3671,36
3672,36
3673,27
3674,27
3675,27
3676,42
3677,42
3678,33
3679,22
3680,22
3681,62
3682,62
3683,63
3684,63
3685,85
3686,85
3687,57
3688,57
3689,45
3690,75
3691,75
3692,32
3693,32
3694,22
3695,27
3696,22
3697,31
3698,31
3699,59
3700,59
3701,33
3702,33
3703,33
3704,7
3705,7
3706,13
3707,58
3708,58
3709,52
3710,52
3711,55
3712,55
3713,21
3714,21
3715,76
3716,76
3717,18
3718,19
3719,63
3720,60
3721,60
3722,80
3723,80
3724,12
3725,12
3726,7
3727,7
3728,67
3729,67
3730,8
3731,8
3732,8
3733,48
3734,14
3735,14
3736,14
3737,37
3738,37
3739,85
3740,85
3741,16
3742,90
3743,90
3744,12
3745,17
3746,17
3747,17
3748,50
3749,50
3750,19
3751,19
3752,38
3753,38
3754,19
3755,19
3756,67
3757,66
3758,20
3759,20
3760,23
3761,23
3762,66
3763,66
3764,66
3765,40
3766,23
3767,23
3768,13
3769,13
3770,50
3771,31
3772,31
3773,52
3774,52
3775,32
3776,32
3777,32
3778,32
3779,62
3780,76
3781,52
3782,52
3783,33
3784,33
3785,59
3786,59
3787,43
3788,43
3789,43
3790,2
3791,2
3792,2
3793,43
3794,12
3795,13
3796,14
3797,14
3798,7
3799,7
3800,42
3801,42
3802,53
3803,53
3804,70
3805,81
3806,80
3807,81
3808,38
3809,31
3810,31
3811,50
3812,50
3813,28
3814,28
3815,31
3816,31
3817,36
3818,37
3819,37
3820,37
3821,3
3822,3
3823,67
3824,67
3825,36
3826,27
3827,27
3828,27
3829,53
3830,53
3831,52
3832,61
3833,61
3834,67
3835,67
3836,67
3837,19
3838,18
3839,81
3840,80
3841,70
3842,28
3843,16
3844,8
3845,23
3846,23
3847,33
3848,33
3849,52
3850,57
3851,85
3852,85
3853,14
3854,14
3855,56
3856,56
3857,56
3858,8
3859,8
3860,40
3861,40
3862,28
3863,28
3864,81
3865,81
3866,2
3867,2
3868,62
3869,63
3870,41
3871,41
3872,61
3873,61
3874,31
3875,31
3876,65
3877,65
3878,65
3879,43
3880,16
3881,16
3882,75
3883,75
3884,26
3885,26
3886,65
3887,14
3888,19
3889,61
3890,61
3891,50
3892,50
3893,23
3894,23
3895,81
3896,81
3897,61
3898,60
3899,61
3900,17
3901,17
3902,19
3903,19
3904,17
3905,71
3906,66
3907,26
3908,26
3909,14
3910,14
3911,13
3912,23
3913,23
3914,23
3915,7
3916,7
3917,7
3918,16
3919,16
3920,67
3921,45
3922,91
3923,91
3924,47
3925,47
3926,38
3927,38
3928,27
3929,27
3930,22
3931,22
3932,22
3933,85
3934,85
3935,27
3936,27
3937,38
3938,28
3939,28
3940,30
3941,28
3942,28
3943,22
3944,26
3945,26
3946,12
3947,12
3948,56
3949,56
3950,91
3951,91
3952,47
3953,47
3954,47
3955,54
3956,50
3957,50
3958,46
3959,46
3960,60
3961,60
3962,43
3963,43
3964,51
3965,51
3966,32
3967,32
3968,13
3969,13
3970,13
3971,66
3972,61
3973,45
3974,50
3975,75
3976,75
3977,28
3978,21
3979,21
3980,56
3981,56
3982,7
3983,7
3984,71
3985,22
3986,22
3987,56
3988,56
3989,28
3990,28
3991,13
3992,27
3993,27
3994,56
3995,56
3996,19
3997,19
3998,27
3999,27
4000,43
4001,43
4002,26
4003,26
4004,19
4005,19
4006,19
4007,50
4008,50
4009,75
4010,75
4011,53
4012,53
4013,62
4014,62
4015,81
4016,81
4017,58
4018,12
4019,12
4020,12
4021,19
4022,19
4023,19
4024,57
4025,57
4026,50
4027,7
4028,7
4029,7
4030,23
4031,23
4032,23
4033,51
4034,51
4035,14
4036,14
4037,61
4038,61
4039,7
4040,7
4041,7
4042,61
4043,61
4044,2
4045,3
4046,2
4047,71
4048,36
4049,75
4050,75
4051,53
4052,58
4053,53
4054,71
4055,71
4056,63
4057,63
4058,60
4059,31
4060,31
4061,14
4062,96
4063,96
4064,71
4065,71
4066,56
4067,14
4068,31
4069,31
4070,57
4071,32
4072,32
4073,53
4074,71
4075,71
4076,7
4077,7
4078,33
4079,33
4080,58
4081,58
4082,52
4083,61
4084,61
4085,12
4086,12
4087,37
4088,12
4089,12
4090,33
4091,33
4092,14
4093,14
4094,55
4095,55
4096,91
4097,17
4098,17
4099,17
4100,17
4101,17
4102,14
4103,14
4104,57
4105,57
4106,46
4107,46
4108,31
4109,31
4110,36
4111,53
4112,58
4113,70
4114,70
4115,70
4116,35
4117,18
4118,18
4119,18
4120,37
4121,37
4122,21
4123,21
4124,21
4125,21
4126,31
4127,31
4128,46
4129,46
4130,47
4131,47
4132,31
4133,31
4134,26
4135,27
4136,27
4137,28
4138,28
4139,28
4140,67
4141,67
4142,80
4143,28
4144,28
4145,28
4146,40
4147,40
4148,56
4149,76
4150,36
4151,17
4152,33
4153,48
4154,48
4155,48
4156,18
4157,18
4158,23
4159,23
4160,23
4161,90
4162,90
4163,27
4164,27
4165,85
4166,23
4167,23
4168,23
4169,67
4170,67
4171,31
4172,31
4173,19
4174,19
4175,16
4176,16
4177,62
4178,62
4179,28
4180,28
4181,38
4182,38
4183,18
4184,11
4185,11
4186,58
4187,21
4188,21
4189,14
4190,91
4191,91
4192,47
4193,47
4194,23
4195,23
4196,21
4197,21
4198,70
4199,70
4200,76
4201,76
4202,8
4203,8
4204,8
4205,30
4206,30
4207,31
4208,30
4209,30
4210,30
4211,72
4212,71
4213,36
4214,36
4215,14
4216,14
4217,16
4218,16
4219,40
4220,40
4221,80
4222,80
4223,75
4224,30
4225,35
4226,21
4227,67
4228,38
4229,38
4230,41
4231,41
4232,12
4233,12
4234,12
4235,31
4236,17
4237,61
4238,61
4239,13
4240,29
4241,29
4242,12
4243,12
4244,12
4245,8
4246,8
4247,17
4248,17
4249,8
4250,22
4251,22
4252,22
4253,3
4254,3
4255,17
4256,7
4257,7
4258,75
4259,14
4260,14
4261,61
4262,66
4263,35
4264,35
4265,7
4266,8
4267,43
4268,43
4269,16
4270,16
4271,85
4272,18
4273,18
4274,61
4275,61
4276,90
4277,90
4278,48
4279,48
4280,48
4281,24
4282,24
4283,60
4284,60
4285,41
4286,80
4287,80
4288,26
4289,26
4290,51
4291,56
4292,56
4293,46
4294,46
4295,33
4296,33
4297,56
4298,33
4299,18
4300,61
4301,61
4302,22
4303,22
4304,55
4305,55
4306,2
4307,3
4308,67
4309,67
4310,66
4311,63
4312,63
4313,63
4314,63
4315,63
4316,80
4317,80
4318,80
4319,61
4320,61
4321,35
4322,35
4323,14
4324,14
4325,14
4326,14
4327,62
4328,62
4329,60
4330,16
4331,52
4332,66
4333,66
4334,66
4335,48
4336,48
4337,48
4338,56
4339,56
4340,42
4341,42
4342,58
4343,58
4344,86
4345,86
4346,42
4347,42
4348,75
4349,75
4350,34
4351,34
4352,85
4353,85
4354,13
4355,13
4356,86
4357,86
4358,3
4359,3
4360,62
4361,61
4362,57
4363,67
4364,67
4365,45
4366,43
4367,44
4368,43
4369,65
4370,70
4371,70
4372,45
4373,45
4374,40
4375,19
4376,19
4377,58
4378,58
4379,12
4380,81
4381,81
4382,81
4383,28
4384,95
4385,33
4386,33
4387,85
4388,85
4389,7
4390,43
4391,43
4392,43
4393,49
4394,71
4395,71
4396,33
4397,33
4398,33
4399,61
4400,45
4401,28
4402,28
4403,32
4404,32
4405,44
4406,44
4407,41
4408,40
4409,67
4410,67
4411,14
4412,14
4413,37
4414,27
4415,27
4416,80
4417,80
4418,48
4419,48
4420,81
4421,81
4422,81
4423,31
4424,14
4425,14
4426,41
4427,41
4428,18
4429,18
4430,26
4431,28
4432,28
4433,13
4434,13
4435,16
4436,16
4437,53
4438,32
4439,31
4440,36
4441,36
4442,81
4443,81
4444,81
4445,48
4446,48
4447,48
4448,48
4449,48
4450,16
4451,42
4452,43
4453,23
4454,58
4455,58
4456,91
4457,91
4458,76
4459,53
4460,85
4461,85
4462,42
4463,41
4464,42
4465,51
4466,51
4467,41
4468,23
4469,2
4470,40
4471,63
4472,63
4473,81
4474,12
4475,18
4476,56
4477,81
4478,81
4479,37
4480,37
4481,37
4482,61
4483,28
4484,28
4485,42
4486,42
4487,39
4488,39
4489,71
4490,8
4491,8
4492,22
4493,58
4494,48
4495,48
4496,3
4497,3
4498,26
4499,26
4500,58
4501,32
4502,19
4503,70
4504,70
4505,56
4506,56
4507,42
4508,42
4509,71
4510,71
4511,19
4512,67
4513,67
4514,36
4515,36
4516,76
4517,75
4518,3
4519,3
4520,3
4521,91
4522,91
4523,13
4524,13
4525,43
4526,43
4527,46
4528,46
4529,8
4530,8
4531,13
4532,13
4533,80
4534,80
4535,27
4536,27
4537,13
4538,13
4539,12
4540,12
4541,36
4542,36
4543,71
4544,70
4545,23
4546,18
4547,18
4548,36
4549,11
4550,62
4551,62
4552,63
4553,63
4554,19
4555,75
4556,75
4557,41
4558,41
4559,91
4560,91
4561,62
4562,61
4563,61
4564,28
4565,28
4566,34
4567,71
4568,71
4569,42
4570,63
4571,63
4572,25
4573,25
4574,8
4575,46
4576,46
4577,46
4578,48
4579,48
4580,17
4581,17
4582,8
4583,8
4584,56
4585,56
4586,85
4587,85
4588,27
4589,8
4590,8
4591,40
4592,7
4593,7
4594,90
4595,22
4596,22
4597,2
4598,2
4599,40
4600,13
4601,13
4602,36
4603,36
4604,56
4605,56
4606,56
4607,91
4608,91
4609,85
4610,86
4611,14
4612,71
4613,71
4614,26
4615,26
4616,26
4617,8
4618,8
4619,14
4620,14
4621,75
4622,75
4623,38
4624,35
4625,35
4626,22
4627,3
4628,3
4629,42
4630,43
4631,28
4632,28
4633,32
4634,32
4635,28
4636,28
4637,57
4638,56
4639,14
4640,41
4641,41
4642,41
4643,42
4644,38
4645,27
4646,27
4647,27
4648,86
4649,86
4650,57
4651,57
4652,57
4653,23
4654,23
4655,32
4656,32
4657,18
4658,18
4659,51
4660,51
4661,59
4662,12
4663,8
4664,42
4665,31
4666,31
4667,60
4668,60
4669,14
4670,19
4671,19
4672,80
4673,80
4674,57
4675,57
4676,19
4677,19
4678,32
4679,63
4680,70
4681,70
4682,38
4683,52
4684,52
4685,29
4686,12
4687,12
4688,26
4689,26
4690,18
4691,18
4692,28
4693,28
4694,36
4695,41
4696,36
4697,43
4698,43
4699,71
4700,71
4701,19
4702,19
4703,24
4704,57
4705,26
4706,26
4707,61
4708,62
4709,62
4710,45
4711,50
4712,43
4713,43
4714,52
4715,81
4716,66
4717,66
4718,17
4719,17
4720,18
4721,18
4722,12
4723,12
4724,66
4725,66
4726,80
4727,80
4728,13
4729,13
4730,54
4731,19
4732,21
4733,21
4734,22
4735,80
4736,80
4737,80
4738,18
4739,18
4740,52
4741,42
4742,42
4743,80
4744,80
4745,63
4746,63
4747,63
4748,63
4749,34
4750,34
4751,86
4752,86
4753,71
4754,53
4755,53
4756,24
4757,7
4758,81
4759,23
4760,48
4761,58
4762,58
4763,62
4764,63
4765,62
4766,42
4767,42
4768,23
4769,23
4770,17
4771,17
4772,17
4773,23
4774,27
4775,36
4776,36
4777,36
4778,66
4779,66
4780,18
4781,18
4782,47
4783,42
4784,27
4785,62
4786,62
4787,43
4788,37
4789,38
4790,65
4791,44
4792,44
4793,12
4794,12
4795,12
4796,57
4797,26
4798,85
4799,85
4800,36
4801,85
4802,85
4803,25
4804,8
4805,43
4806,28
4807,28
4808,28
4809,14
4810,14
4811,37
4812,37
4813,37
4814,71
4815,71
4816,33
4817,33
4818,56
4819,56
4820,43
4821,43
4822,43
4823,21
4824,21
4825,19
4826,19
4827,22
4828,21
4829,31
4830,30
4831,38
4832,51
4833,7
4834,58
4835,59
4836,58
4837,43
4838,43
4839,31
4840,31
4841,23
4842,23
4843,7
4844,7
4845,27
4846,27
4847,32
4848,38
4849,38
4850,28
4851,28
4852,48
4853,66
4854,66
4855,26
4856,26
4857,3
4858,75
4859,75
4860,75
4861,26
4862,26
4863,13
4864,13
4865,14
4866,40
4867,40
4868,33
4869,33
4870,66
4871,66
4872,25
4873,25
4874,25
4875,8
4876,8
4877,8
4878,8
4879,23
4880,23
4881,41
4882,41
4883,3
4884,3
4885,71
4886,71
4887,71
4888,8
4889,8
4890,24
4891,24
4892,58
4893,59
4894,48
4895,48
4896,23
4897,23
4898,51
4899,23
4900,23
4901,47
4902,28
4903,28
4904,80
4905,7
4906,17
4907,17
4908,21
4909,21
4910,45
4911,45
4912,91
4913,12
4914,12
4915,2
4916,7
4917,2
4918,33
4919,33
4920,31
4921,31
4922,31
4923,60
4924,27
4925,18
4926,18
4927,86
4928,85
4929,70
4930,7
4931,36
4932,36
4933,70
4934,37
4935,37
4936,33
4937,33
4938,26
4939,62
4940,62
4941,41
4942,41
4943,36
4944,36
4945,51
4946,51
4947,50
4948,43
4949,43
4950,43
4951,57
4952,40
4953,18
4954,18
4955,85
4956,67
4957,44
4958,44
4959,35
4960,35
4961,14
4962,14
4963,31
4964,30
4965,48
4966,48
4967,48
4968,33
4969,33
4970,56
4971,46
4972,46
4973,21
4974,21
4975,17
4976,17
4977,27
4978,91
4979,12
4980,12
4981,60
4982,60
4983,60
4984,27
4985,31
4986,31
4987,17
4988,85
4989,62
4990,85
4991,85
4992,43
4993,43
4994,46
4995,46
4996,63
4997,63
4998,31
4999,48
5000,48
5001,49
5002,56
5003,56
5004,56
5005,51
5006,51
5007,17
5008,43
5009,32
5010,32
5011,32
5012,16
5013,36
5014,36
5015,37
5016,37
5017,32
5018,32
5019,22
5020,22
5021,19
5022,19
5023,46
5024,80
5025,80
5026,24
5027,71
5028,71
5029,45
5030,49
5031,49
5032,8
5033,8
5034,31
5035,31
5036,62
5037,62
5038,37
5039,61
5040,61
5041,80
5042,17
5043,47
5044,47
5045,47
5046,36
5047,36
5048,85
5049,14
5050,14
5051,14
5052,76
5053,53
5054,53
5055,18
5056,32
5057,32
5058,8
5059,7
5060,12
5061,48
5062,7
5063,7
5064,58
5065,46
5066,46
5067,3
5068,57
5069,57
5070,60
5071,60
5072,60
5073,31
5074,31
5075,22
5076,22
5077,2
5078,14
5079,14
5080,14
5081,28
5082,28
5083,42
5084,48
5085,28
5086,28
5087,50
5088,50
5089,18
5090,17
5091,52
5092,52
5093,53
5094,53
5095,22
5096,22
5097,71
5098,71
5099,19
5100,36
5101,35
5102,51
5103,51
5104,12
5105,12
5106,75
5107,14
5108,58
5109,58
5110,62
5111,62
5112,38
5113,38
5114,81
5115,40
5116,71
5117,71
5118,71
5119,53
5120,44
5121,44
5122,53
5123,53
5124,66
5125,66
5126,46
5127,46
5128,43
5129,43
5130,18
5131,2
5132,71
5133,18
5134,18
5135,90
5136,16
5137,16
5138,16
5139,61
5140,61
5141,62
5142,62
5143,13
5144,13
5145,48
5146,3
5147,3
5148,35
5149,18
5150,57
5151,33
5152,33
5153,32
5154,32
5155,53
5156,53
5157,28
5158,86
5159,86
5160,86
5161,42
5162,67
5163,14
5164,14
5165,26
5166,26
5167,65
5168,19
5169,19
5170,57
5171,57
5172,25
5173,25
5174,62
5175,62
5176,14
5177,14
5178,14
5179,60
5180,42
5181,53
5182,12
5183,12
5184,13
5185,13
5186,13
5187,70
5188,19
5189,19
5190,61
5191,61
5192,51
5193,51
5194,51
5195,12
5196,31
5197,31
5198,55
5199,55
5200,80
5201,80
5202,80
5203,86
5204,86
5205,80
5206,80
5207,56
5208,56
5209,13
5210,13
5211,44
5212,44
5213,27
5214,27
5215,33
5216,33
5217,67
5218,67
5219,17
5220,21
5221,21
5222,86
5223,86
5224,13
5225,13
5226,13
5227,62
5228,61
5229,16
5230,16
5231,16
5232,42
5233,42
5234,22
5235,22
5236,48
5237,48
5238,43
5239,43
5240,67
5241,67
5242,43
5243,57
5244,57
5245,46
5246,46
5247,37
5248,56
5249,85
5250,85
5251,32
5252,32
5253,43
5254,43
5255,80
5256,80
5257,67
5258,31
5259,22
5260,76
5261,76
5262,27
5263,27
5264,22
5265,22
5266,12
5267,12
5268,14
5269,26
5270,26
5271,28
5272,28
5273,28
5274,66
5275,14
5276,14
5277,14
5278,12
5279,12
5280,3
5281,53
5282,53
5283,36
5284,36
5285,16
5286,43
5287,43
5288,63
5289,63
5290,17
5291,17
5292,46
5293,11
5294,76
5295,75
5296,76
5297,17
5298,17
5299,28
5300,28
5301,71
5302,71
5303,8
5304,53
5305,12
5306,12
5307,11
5308,33
5309,33
5310,26
5311,26
5312,13
5313,27
5314,27
5315,45
5316,45
5317,43
5318,43
5319,60
5320,60
5321,17
5322,17
5323,17
5324,57
5325,57
5326,18
5327,18
5328,27
5329,27
5330,53
5331,14
5332,13
5333,13
5334,71
5335,71
5336,45
5337,58
5338,71
5339,71
5340,71
5341,12
5342,12
5343,18
5344,18
5345,80
5346,48
5347,55
5348,60
5349,57
5350,57
5351,3
5352,43
5353,41
5354,7
5355,7
5356,80
5357,41
5358,12
5359,7
5360,7
5361,67
5362,67
5363,41
5364,36
5365,8
5366,8
5367,8
5368,66
5369,66
5370,58
5371,58
5372,28
5373,28
5374,18
5375,18
5376,18
5377,43
5378,43
5379,17
5380,17
5381,22
5382,22
5383,27
5384,27
5385,56
5386,18
5387,18
5388,41
5389,40
5390,13
5391,13
5392,14
5393,14
5394,31
5395,3
5396,46
5397,46
5398,28
5399,28
5400,48
5401,48
5402,48
5403,61
5404,61
5405,33
5406,33
5407,45
5408,40
5409,41
5410,14
5411,14
5412,13
5413,33
5414,33
5415,19
5416,53
5417,53
5418,53
5419,12
5420,23
5421,23
5422,16
5423,16
5424,61
5425,61
5426,2
5427,2
5428,52
5429,52
5430,31
5431,32
5432,18
5433,33
5434,58
5435,58
5436,58
5437,91
5438,91
5439,8
5440,8
5441,43
5442,43
5443,43
5444,24
5445,24
5446,32
5447,58
5448,58
5449,75
5450,27
5451,51
5452,75
5453,13
5454,37
5455,44
5456,44
5457,38
5458,38
5459,33
5460,33
5461,86
5462,86
5463,14
5464,56
5465,56
5466,56
5467,56
5468,16
5469,91
5470,91
5471,91
5472,19
5473,19
5474,19
5475,75
5476,80
5477,31
5478,76
5479,76
5480,40
5481,40
5482,60
5483,14
5484,40
5485,27
5486,27
5487,56
5488,56
5489,38
5490,85
5491,85
5492,63
5493,63
5494,21
5495,48
5496,48
5497,47
5498,7
5499,46
5500,46
5501,43
5502,43
5503,7
5504,7
5505,12
5506,48
5507,48
5508,23
5509,37
5510,2
5511,2
5512,60
5513,60
5514,3
5515,3
5516,7
5517,12
5518,31
5519,31
5520,57
5521,57
5522,8
5523,26
5524,26
5525,58
5526,58
5527,58
5528,28
5529,28
5530,28
5531,28
5532,27
5533,67
5534,67
5535,42
5536,36
5537,13
5538,13
5539,86
5540,86
5541,16
5542,16
5543,26
5544,26
5545,42
5546,42
5547,67
5548,67
5549,38
5550,38
5551,26
5552,26
5553,62
5554,62
5555,36
5556,35
5557,44
5558,44
5559,27
5560,12
5561,48
5562,12
5563,12
5564,3
5565,3
5566,13
5567,13
5568,13
5569,85
5570,45
5571,32
5572,32
5573,14
5574,14
5575,43
5576,43
5577,23
5578,23
5579,48
5580,66
5581,66
5582,19
5583,66
5584,66
5585,75
5586,75
5587,12
5588,38
5589,38
5590,57
5591,57
5592,33
5593,33
5594,12
5595,12
5596,42
5597,43
5598,62
5599,62
5600,28
5601,28
5602,80
5603,75
5604,18
5605,18
5606,48
5607,48
5608,64
5609,35
5610,17
5611,18
5612,52
5613,52
5614,52
5615,32
5616,7
5617,7
5618,7
5619,65
5620,31
5621,48
5622,49
5623,85
5624,85
5625,27
5626,27
5627,13
5628,55
5629,46
5630,46
5631,14
5632,14
5633,23
5634,32
5635,13
5636,72
5637,48
5638,48
5639,63
5640,63
5641,13
5642,14
5643,8
5644,50
5645,19
5646,19
5647,80
5648,80
5649,27
5650,27
5651,17
5652,17
5653,23
5654,23
5655,23
5656,26
5657,26
5658,26
5659,50
5660,50
5661,51
5662,51
5663,53
5664,12
5665,12
5666,70
5667,85
5668,90
5669,9
5670,9
5671,8
5672,8
5673,14
5674,12
5675,12
5676,12
5677,75
5678,75
5679,3
5680,3
5681,3
5682,21
5683,21
5684,21
5685,90
5686,13
5687,2
5688,2
5689,22
5690,22
5691,41
5692,41
5693,21
5694,21
5695,26
5696,26
5697,26
5698,26
5699,26
5700,32
5701,32
5702,22
5703,22
5704,22
5705,75
5706,12
5707,12
5708,12
5709,62
5710,31
5711,31
5712,46
5713,45
5714,19
5715,19
5716,76
5717,26
5718,26
5719,26
5720,26
5721,46
5722,46
5723,46
5724,66
5725,66
5726,51
5727,56
5728,8
5729,8
5730,20
5731,20
5732,33
5733,33
5734,61
5735,61
5736,47
5737,48
5738,47
5739,61
5740,60
5741,46
5742,46
5743,46
5744,19
5745,19
5746,61
5747,61
5748,23
5749,23
5750,32
5751,61
5752,66
5753,66
5754,85
5755,85
5756,9
5757,46
5758,28
5759,32
5760,27
5761,27
5762,27
5763,90
5764,14
5765,14
5766,40
5767,40
5768,67
5769,67
5770,38
5771,38
5772,81
5773,43
5774,43
5775,43
5776,76
5777,76
5778,43
5779,43
5780,42
5781,43
5782,42
5783,66
5784,62
5785,62
5786,62
5787,51
5788,85
5789,85
5790,25
5791,33
5792,33
5793,63
5794,63
5795,8
5796,36
5797,57
5798,36
5799,66
5800,66
5801,48
5802,48
5803,19
5804,80
5805,76
5806,27
5807,60
5808,60
5809,60
5810,60
5811,12
5812,12
5813,12
5814,41
5815,41
5816,30
5817,30
5818,67
5819,67
5820,12
5821,12
5822,28
5823,28
5824,21
5825,21
5826,21
5827,14
5828,14
5829,66
5830,51
5831,51
5832,61
5833,58
5834,58
5835,30
5836,30
5837,46
5838,24
5839,21
5840,21
5841,21
5842,20
5843,23
5844,23
5845,61
5846,61
5847,80
5848,80
5849,36
5850,40
5851,51
5852,51
5853,48
5854,48
5855,38
5856,38
5857,85
5858,85
5859,44
5860,44
5861,44
5862,80
5863,80
5864,55
5865,55
5866,43
5867,18
5868,58
5869,58
5870,18
5871,18
5872,43
5873,20
5874,20
5875,57
5876,57
5877,49
5878,28
5879,23
5880,56
5881,56
5882,17
5883,17
5884,19
5885,19
5886,22
5887,86
5888,86
5889,16
5890,38
5891,38
5892,80
5893,70
5894,70
5895,80
5896,80
5897,80
5898,80
5899,28
5900,53
5901,13
5902,18
5903,57
5904,29
5905,24
5906,23
5907,23
5908,85
5909,38
5910,38
5911,38
5912,13
5913,26
5914,26
5915,28
5916,28
5917,76
5918,76
5919,58
5920,31
5921,36
5922,35
5923,67
5924,24
5925,24
5926,23
5927,37
5928,14
5929,14
5930,44
5931,44
5932,38
5933,38
5934,38
5935,26
5936,26
5937,63
5938,38
5939,38
5940,38
5941,67
5942,67
5943,60
5944,81
5945,81
5946,32
5947,17
5948,61
5949,31
5950,31
5951,80
5952,46
5953,72
5954,72
5955,33
5956,33
5957,38
5958,65
5959,65
5960,14
5961,14
5962,16
5963,27
5964,62
5965,62
5966,62
5967,38
5968,80
5969,80
5970,85
5971,32
5972,32
5973,46
5974,18
5975,36
5976,36
5977,24
5978,24
5979,53
5980,22
5981,22
5982,43
5983,43
5984,26
5985,26
5986,26
5987,13
5988,13
5989,18
5990,30
5991,70
5992,90
5993,38
5994,85
5995,85
5996,12
5997,12
5998,90
5999,38
6000,38
6001,67
6002,3
6003,3
6004,18
6005,45
6006,45
6007,49
6008,90
6009,3
6010,3
6011,85
6012,46
6013,67
6014,66
6015,51
6016,51
6017,8
6018,8
6019,90
6020,90
6021,30
6022,30
6023,11
6024,71
6025,46
6026,46
6027,46
6028,43
6029,62
6030,62
6031,12
6032,75
6033,75
6034,27
6035,27
6036,65
6037,65
6038,33
6039,34
6040,3
6041,3
6042,60
6043,60
6044,49
6045,49
6046,23
6047,23
6048,50
6049,50
6050,76
6051,29
6052,29
6053,46
6054,46
6055,16
6056,16
6057,2
6058,23
6059,23
6060,62
6061,62
6062,8
6063,24
6064,24
6065,85
6066,85
6067,75
6068,71
6069,71
6070,17
6071,71
6072,71
6073,53
6074,27
6075,47
6076,47
6077,80
6078,80
6079,45
6080,45
6081,48
6082,48
6083,13
6084,13
6085,37
6086,36
6087,80
6088,80
6089,16
6090,62
6091,62
6092,62
6093,62
6094,62
6095,22
6096,86
6097,49
6098,49
6099,66
6100,66
6101,66
6102,8
6103,8
6104,8
6105,28
6106,28
6107,14
6108,14
6109,17
6110,17
6111,17
6112,17
6113,63
6114,63
6115,9
6116,9
6117,9
6118,91
6119,91
6120,30
6121,23
6122,75
6123,75
6124,42
6125,42
6126,51
6127,22
6128,80
6129,11
6130,11
6131,51
6132,51
6133,51
6134,37
6135,37
6136,90
6137,90
6138,48
6139,23
6140,40
6141,50
6142,50
6143,18
6144,18
6145,23
6146,46
6147,58
6148,58
6149,58
6150,23
6151,23
6152,63
6153,63
6154,19
6155,19
6156,45
6157,90
6158,48
6159,85
6160,71
6161,71
6162,52
6163,17
6164,17
6165,52
6166,52
6167,66
6168,8
6169,8
6170,45
6171,45
6172,45
6173,80
6174,58
6175,58
6176,27
6177,45
6178,91
6179,91
6180,50
6181,56
6182,19
6183,19
6184,19
6185,40
6186,40
6187,62
6188,62
6189,63
6190,63
6191,17
6192,17
6193,36
6194,36
6195,60
6196,33
6197,33
6198,70
6199,70
6200,66
6201,66
6202,66
6203,66
6204,66
6205,67
6206,67
6207,71
6208,71
6209,50
6210,21
6211,21
6212,27
6213,27
6214,27
6215,27
6216,76
6217,76
6218,12
6219,41
6220,21
6221,18
6222,65
6223,65
6224,8
6225,90
6226,90
6227,96
6228,3
6229,3
6230,40
6231,40
6232,16
6233,16
6234,8
6235,36
6236,42
6237,42
6238,23
6239,85
6240,85
6241,85
6242,22
6243,22
6244,36
6245,36
6246,38
6247,38
6248,75
6249,26
6250,25
6251,86
6252,86
6253,38
6254,38
6255,28
6256,28
6257,56
6258,43
6259,23
6260,22
6261,12
6262,43
6263,44
6264,43
6265,63
6266,46
6267,37
6268,43
6269,43
6270,12
6271,12
6272,14
6273,17
6274,63
6275,81
6276,81
6277,12
6278,67
6279,61
6280,86
6281,86
6282,80
6283,80
6284,14
6285,53
6286,53
6287,33
6288,19
6289,19
6290,27
6291,43
6292,43
6293,41
6294,41
6295,41
6296,32
6297,71
6298,53
6299,53
6300,51
6301,12
6302,12
6303,72
6304,72
6305,48
6306,45
6307,17
6308,17
6309,19
6310,37
6311,37
6312,2
6313,2
6314,48
6315,32
6316,96
6317,96
6318,61
6319,32
6320,32
6321,21
6322,26
6323,17
6324,42
6325,42
6326,61
6327,61
6328,27
6329,28
6330,27
6331,35
6332,17
6333,17
6334,16
6335,86
6336,85
6337,85
6338,13
6339,18
6340,23
6341,65
6342,65
6343,8
6344,37
6345,37
6346,7
6347,26
6348,62
6349,62
6350,38
6351,53
6352,53
6353,96
6354,22
6355,22
6356,50
6357,50
6358,50
6359,19
6360,19
6361,19
6362,55
6363,55
6364,28
6365,28
6366,75
6367,22
6368,60
6369,60
6370,39
6371,39
6372,26
6373,53
6374,53
6375,47
6376,80
6377,80
6378,53
6379,53
6380,24
6381,24
6382,8
6383,8
6384,53
6385,53
6386,13
6387,56
6388,42
6389,42
6390,23
6391,23
6392,46
6393,46
6394,12
6395,12
6396,86
6397,49
6398,18
6399,19
6400,19
6401,85
6402,3
6403,3
6404,47
6405,47
6406,14
6407,13
6408,43
6409,43
6410,51
6411,51
6412,80
6413,8
6414,17
6415,17
6416,37
6417,37
6418,32
6419,32
6420,18
6421,13
6422,85
6423,14
6424,23
6425,80
6426,41
6427,41
6428,41
6429,2
6430,2
6431,56
6432,28
6433,9
6434,33
6435,16
6436,16
6437,16
6438,33
6439,33
6440,22
6441,19
6442,19
6443,41
6444,46
6445,16
6446,2
6447,2
6448,22
6449,17
6450,17
6451,62
6452,62
6453,21
6454,26
6455,26
6456,41
6457,41
6458,19
6459,52
6460,50
6461,50
6462,53
6463,7
6464,7
6465,52
6466,38
6467,11
6468,11
6469,31
6470,31
6471,12
6472,12
6473,76
6474,76
6475,53
6476,53
6477,62
6478,62
6479,58
6480,58
6481,7
6482,50
6483,50
6484,16
6485,16
6486,12
6487,12
6488,90
6489,90
6490,90
6491,53
6492,53
6493,62
6494,28
6495,96
6496,96
6497,96
6498,91
6499,41
6500,41
6501,80
6502,32
6503,32
6504,8
6505,8
6506,12
6507,38
6508,38
6509,85
6510,81
6511,24
6512,40
6513,66
6514,66
6515,14
6516,26
6517,41
6518,41
6519,41
6520,81
6521,81
6522,2
6523,66
6524,56
6525,56
6526,36
6527,36
6528,48
6529,48
6530,8
6531,8
6532,71
6533,71
6534,20
6535,20
6536,55
6537,55
6538,8
6539,81
6540,81
6541,55
6542,55
6543,13
6544,66
6545,45
6546,45
6547,45
6548,36
6549,36
6550,21
6551,21
6552,45
6553,45
6554,48
6555,48
6556,12
6557,57
6558,57
6559,22
6560,22
6561,21
6562,21
6563,21
6564,21
6565,47
6566,47
6567,37
6568,30
6569,30
6570,38
6571,38
6572,3
6573,12
6574,12
6575,12
6576,47
6577,63
6578,63
6579,63
6580,63
6581,44
6582,17
6583,75
6584,48
6585,71
6586,85
6587,85
6588,25
6589,25
6590,32
6591,26
6592,26
6593,30
6594,30
6595,41
6596,57
6597,57
6598,61
6599,85
6600,12
6601,12
6602,12
6603,48
6604,48
6605,7
6606,7
6607,7
6608,13
6609,13
6610,36
6611,36
6612,14
6613,14
6614,51
6615,51
6616,80
6617,80
6618,28
6619,41
6620,41
6621,26
6622,18
6623,7
6624,7
6625,38
6626,80
6627,66
6628,66
6629,80
6630,61
6631,57
6632,57
6633,20
6634,20
6635,56
6636,56
6637,28
6638,28
6639,28
6640,28
6641,65
6642,65
6643,22
6644,81
6645,81
6646,47
6647,47
6648,67
6649,66
6650,61
6651,90
6652,90
6653,55
6654,55
6655,80
6656,80
6657,16
6658,46
6659,46
6660,66
6661,66
6662,71
6663,16
6664,16
6665,12
6666,80
6667,80
6668,61
6669,61
6670,37
6671,37
6672,58
6673,42
6674,42
6675,42
6676,42
6677,25
6678,25
6679,31
6680,43
6681,9
6682,9
6683,35
6684,8
6685,71
6686,71
6687,71
6688,47
6689,42
6690,75
6691,80
6692,27
6693,71
6694,16
6695,16
6696,19
6697,19
6698,19
6699,21
6700,35
6701,35
6702,14
6703,14
6704,42
6705,75
6706,7
6707,46
6708,80
6709,80
6710,80
6711,80
6712,58
6713,43
6714,58
6715,14
6716,38
6717,66
6718,66
6719,43
6720,91
6721,91
6722,62
6723,62
6724,57
6725,58
6726,58
6727,80
6728,80
6729,63
6730,70
6731,70
6732,33
6733,7
6734,7
6735,7
6736,17
6737,17
6738,14
6739,19
6740,19
6741,33
6742,13
6743,13
6744,72
6745,14
6746,76
6747,46
6748,12
6749,7
6750,56
6751,46
6752,46
6753,46
6754,81
6755,81
6756,81
6757,90
6758,65
6759,48
6760,48
6761,75
6762,75
6763,57
6764,63
6765,63
6766,63
6767,71
6768,19
6769,19
6770,48
6771,48
6772,17
6773,22
6774,33
6775,33
6776,57
6777,57
6778,33
6779,80
6780,26
6781,26
6782,26
6783,65
6784,75
6785,76
6786,44
6787,91
6788,91
6789,51
6790,51
6791,9
6792,9
6793,33
6794,48
6795,48
6796,66
6797,13
6798,40
6799,40
6800,70
6801,70
6802,2
6803,2
6804,21
6805,21
6806,60
6807,33
6808,48
6809,26
6810,26
6811,57
6812,57
6813,63
6814,63
6815,14
6816,14
6817,32
6818,32
6819,19
6820,19
6821,63
6822,63
6823,41
6824,41
6825,36
6826,36
6827,52
6828,52
6829,57
6830,52
6831,90
6832,36
6833,85
6834,31
6835,31
6836,33
6837,33
6838,48
6839,7
6840,7
6841,7
6842,76
6843,76
6844,48
6845,91
6846,13
6847,12
6848,58
6849,12
6850,12
6851,19
6852,50
6853,49
6854,49
6855,33
6856,3
6857,3
6858,23
6859,85
6860,57
6861,56
6862,56
6863,56
6864,56
6865,56
6866,75
6867,53
6868,58
6869,58
6870,37
6871,37
6872,21
6873,63
6874,63
6875,22
6876,27
6877,36
6878,36
6879,58
6880,58
6881,90
6882,90
6883,60
6884,60
6885,56
6886,67
6887,67
6888,85
6889,85
6890,70
6891,21
6892,21
6893,70
6894,70
6895,16
6896,33
6897,33
6898,26
6899,36
6900,36
6901,70
6902,70
6903,34
6904,91
6905,91
6906,28
6907,80
6908,80
6909,80
6910,14
6911,61
6912,21
6913,91
6914,91
6915,51
6916,32
6917,32
6918,43
6919,36
6920,23
6921,26
6922,26
6923,37
6924,37
6925,19
6926,19
6927,19
6928,28
6929,3
6930,3
6931,33
6932,35
6933,7
6934,7
6935,53
6936,53
6937,48
6938,48
6939,33
6940,12
6941,12
6942,33
6943,27
6944,43
6945,13
6946,63
6947,63
6948,11
6949,14
6950,14
6951,14
6952,61
6953,28
6954,91
6955,91
6956,12
6957,12
6958,12
6959,19
6960,66
6961,66
6962,48
6963,48
6964,16
6965,51
6966,51
6967,60
6968,45
6969,57
6970,57
6971,57
6972,81
6973,81
6974,60
6975,70
6976,70
6977,8
6978,55
6979,45
6980,17
6981,17
6982,17
6983,31
6984,75
6985,75
6986,32
6987,53
6988,53
6989,53
6990,22
6991,26
6992,85
6993,42
6994,42
6995,42
6996,38
6997,38
6998,38
6999,72
7000,38
7001,35
7002,35
7003,28
7004,8
7005,8
7006,8
7007,61
7008,61
7009,23
7010,23
7011,17
7012,17
7013,56
7014,90
7015,90
7016,53
7017,40
7018,40
7019,81
7020,80
7021,24
7022,24
7023,50
7024,13
7025,40
7026,40
7027,40
7028,40
7029,17
7030,85
7031,19
7032,19
7033,8
7034,21
7035,21
7036,14
7037,71
7038,28
7039,28
7040,26
7041,41
7042,41
7043,70
7044,46
7045,38
7046,32
7047,23
7048,43
7049,33
7050,33
7051,17
7052,17
7053,17
7054,17
7055,14
7056,62
7057,23
7058,23
7059,66
7060,66
7061,71
7062,80
7063,8
7064,7
7065,13
7066,23
7067,80
7068,80
7069,32
7070,7
7071,53
7072,45
7073,50
7074,50
7075,45
7076,16
7077,75
7078,28
7079,41
7080,40
7081,19
7082,32
7083,32
7084,36
7085,36
7086,22
7087,22
7088,43
7089,14
7090,14
7091,18
7092,23
7093,46
7094,38
7095,38
7096,39
7097,23
7098,23
7099,2
7100,2
7101,41
7102,41
7103,41
7104,50
7105,28
7106,56
7107,55
7108,40
7109,46
7110,45
7111,59
7112,59
7113,47
7114,47
7115,23
7116,23
7117,7
7118,71
7119,72
7120,33
7121,33
7122,72
7123,72
7124,27
7125,35
7126,7
7127,63
7128,26
7129,32
7130,32
7131,56
7132,56
7133,21
7134,21
7135,53
7136,53
7137,32
7138,49
7139,49
7140,18
7141,46
7142,46
7143,26
7144,26
7145,16
7146,61
7147,61
7148,61
7149,23
7150,19
7151,19
7152,38
7153,38
7154,28
7155,23
7156,8
7157,8
7158,8
7159,33
7160,23
7161,25
7162,25
7163,21
7164,21
7165,13
7166,13
7167,13
7168,13
7169,41
7170,56
7171,18
7172,41
7173,41
7174,53
7175,19
7176,19
7177,14
7178,48
7179,48
7180,47
7181,47
7182,67
7183,67
7184,17
7185,17
7186,32
7187,32
7188,16
7189,13
7190,13
7191,28
7192,21
7193,9
7194,9
7195,22
7196,57
7197,57
7198,42
7199,42
7200,53
7201,53
7202,43
7203,43
7204,50
7205,32
7206,32
7207,21
7208,21
7209,14
7210,14
7211,17
7212,21
7213,21
7214,14
7215,23
7216,52
7217,52
7218,60
7219,16
7220,16
7221,16
7222,28
7223,41
7224,41
7225,46
7226,46
7227,71
7228,17
7229,17
7230,57
7231,12
7232,24
7233,3
7234,42
7235,8
7236,37
7237,42
7238,37
7239,23
7240,23
7241,46
7242,46
7243,46
7244,14
7245,14
7246,27
7247,41
7248,96
7249,91
7250,43
7251,43
7252,46
7253,46
7254,60
7255,70
7256,11
7257,12
7258,17
7259,17
7260,7
7261,7
7262,76
7263,7
7264,11
7265,19
7266,50
7267,63
7268,63
7269,43
7270,43
7271,46
7272,45
7273,40
7274,40
7275,19
7276,19
7277,75
7278,75
7279,58
7280,58
7281,21
7282,23
7283,59
7284,59
7285,26
7286,26
7287,7
7288,26
7289,25
7290,53
7291,53
7292,53
7293,96
7294,96
7295,8
7296,8
7297,28
7298,28
7299,85
7300,85
7301,23
7302,51
7303,22
7304,51
7305,51
7306,28
7307,28
7308,28
7309,35
7310,14
7311,14
7312,17
7313,17
7314,19
7315,19
7316,19
7317,48
7318,48
7319,13
7320,13
7321,75
7322,90
7323,90
7324,38
7325,65
7326,65
7327,52
7328,76
7329,18
7330,18
7331,18
7332,33
7333,33
7334,57
7335,41
7336,41
7337,66
7338,75
7339,18
7340,18
7341,85
7342,24
7343,24
7344,2
7345,2
7346,58
7347,8
7348,41
7349,41
7350,46
7351,46
7352,91
7353,91
7354,37
7355,24
7356,24
7357,24
7358,24
7359,25
7360,26
7361,21
7362,62
7363,53
7364,53
7365,33
7366,33
7367,50
7368,2
7369,2
7370,33
7371,27
7372,31
7373,59
7374,28
7375,32
7376,67
7377,25
7378,46
7379,71
7380,27
7381,27
7382,13
7383,13
7384,71
7385,71
7386,58
7387,53
7388,53
7389,53
7390,29
7391,29
7392,53
7393,22
7394,21
7395,48
7396,62
7397,31
7398,31
7399,91
7400,91
7401,7
7402,14
7403,67
7404,67
7405,12
7406,36
7407,35
7408,42
7409,42
7410,55
7411,61
7412,61
7413,61
7414,76
7415,76
7416,66
7417,36
7418,46
7419,46
7420,81
7421,24
7422,51
7423,31
7424,24
7425,24
7426,21
7427,75
7428,8
7429,8
7430,75
7431,7
7432,13
7433,13
7434,14
7435,81
7436,29
7437,29
7438,90
7439,12
7440,12
7441,55
7442,55
7443,17
7444,17
7445,91
7446,43
7447,43
7448,62
7449,62
7450,52
7451,53
7452,67
7453,47
7454,47
7455,7
7456,80
7457,19
7458,19
7459,90
7460,85
7461,85
7462,17
7463,17
7464,17
7465,55
7466,8
7467,58
7468,51
7469,51
7470,3
7471,8
7472,8
7473,80
7474,80
7475,51
7476,3
7477,3
7478,3
7479,58
7480,48
7481,14
7482,14
7483,44
7484,38
7485,38
7486,38
7487,24
7488,38
7489,53
7490,26
7491,60
7492,66
7493,66
7494,51
7495,91
7496,47
7497,47
7498,35
7499,41
7500,38
7501,38
7502,17
7503,18
7504,18
7505,63
7506,19
7507,19
7508,41
7509,41
7510,41
7511,42
7512,7
7513,70
7514,70
7515,57
7516,57
7517,26
7518,26
7519,57
7520,53
7521,53
7522,31
7523,31
7524,65
7525,8
7526,46
7527,46
7528,58
7529,58
7530,41
7531,41
7532,43
7533,63
7534,61
7535,13
7536,13
7537,76
7538,23
7539,46
7540,17
7541,17
7542,9
7543,51
7544,62
7545,25
7546,7
7547,8
7548,80
7549,17
7550,53
7551,53
7552,38
7553,62
7554,7
7555,45
7556,28
7557,28
7558,28
7559,3
7560,33
7561,33
7562,26
7563,66
7564,66
7565,13
7566,13
7567,31
7568,31
7569,31
7570,18
7571,18
7572,35
7573,38
7574,14
7575,14
7576,67
7577,67
7578,42
7579,63
7580,53
7581,60
7582,60
7583,37
7584,36
7585,70
7586,52
7587,52
7588,62
7589,48
7590,24
7591,24
7592,24
7593,8
7594,8
7595,48
7596,85
7597,35
7598,36
7599,48
7600,32
7601,32
7602,90
7603,41
7604,7
7605,7
7606,12
7607,57
7608,57
7609,90
7610,53
7611,27
7612,27
7613,17
7614,51
7615,3
7616,3
7617,62
7618,62
7619,43
7620,43
7621,43
7622,53
7623,56
7624,61
7625,37
7626,36
7627,18
7628,18
7629,16
7630,45
7631,45
7632,61
7633,61
7634,28
7635,17
7636,75
7637,56
7638,56
7639,80
7640,80
7641,80
7642,41
7643,2
7644,80
7645,80
7646,55
7647,55
7648,8
7649,59
7650,27
7651,43
7652,43
7653,58
7654,58
7655,38
7656,70
7657,70
7658,16
7659,24
7660,24
7661,13
7662,18
7663,70
7664,41
7665,17
7666,81
7667,57
7668,57
7669,14
7670,33
7671,33
7672,60
7673,60
7674,66
7675,66
7676,85
7677,81
7678,81
7679,96
7680,96
7681,13
7682,13
7683,36
7684,25
7685,25
7686,67
7687,67
7688,38
7689,24
7690,67
7691,67
7692,13
7693,13
7694,56
7695,56
7696,21
7697,33
7698,32
7699,80
7700,18
7701,18
7702,41
7703,22
7704,22
7705,66
7706,66
7707,60
7708,33
7709,34
7710,32
7711,56
7712,56
7713,63
7714,45
7715,27
7716,27
7717,27
7718,18
7719,16
7720,18
7721,18
7722,66
7723,31
7724,18
7725,11
7726,32
7727,62
7728,62
7729,33
7730,17
7731,17
7732,66
7733,27
7734,26
7735,90
7736,37
7737,56
7738,56
7739,66
7740,66
7741,14
7742,14
7743,33
7744,33
7745,58
7746,71
7747,71
7748,48
7749,48
7750,76
7751,76
7752,13
7753,13
7754,8
7755,65
7756,38
7757,91
7758,28
7759,53
7760,53
7761,38
7762,38
7763,58
7764,61
7765,61
7766,80
7767,80
7768,80
7769,60
7770,60
7771,25
7772,12
7773,16
7774,16
7775,12
7776,32
7777,46
7778,57
7779,57
7780,33
7781,18
7782,18
7783,46
7784,45
7785,90
7786,90
7787,90
7788,90
7789,25
7790,58
7791,58
7792,72
7793,72
7794,72
7795,41
7796,71
7797,71
7798,44
7799,44
7800,14
7801,14
7802,8
7803,13
7804,76
7805,76
7806,76
7807,14
7808,86
7809,86
7810,2
7811,7
7812,20
7813,48
7814,45
7815,90
7816,33
7817,7
7818,2
7819,2
7820,35
7821,35
7822,65
7823,40
7824,71
7825,71
7826,26
7827,26
7828,71
7829,71
7830,61
7831,61
7832,8
7833,11
7834,11
7835,16
7836,16
7837,57
7838,57
7839,57
7840,58
7841,71
7842,36
7843,41
7844,37
7845,37
7846,42
7847,19
7848,19
7849,48
7850,28
7851,28
7852,27
7853,27
7854,51
7855,51
7856,51
7857,27
7858,26
7859,45
7860,80
7861,37
7862,26
7863,21
7864,26
7865,70
7866,14
7867,28
7868,28
7869,13
7870,90
7871,13
7872,13
7873,51
7874,51
7875,14
7876,60
7877,44
7878,33
7879,52
7880,31
7881,31
7882,32
7883,32
7884,7
7885,7
7886,12
7887,58
7888,57
7889,67
7890,91
7891,66
7892,24
7893,18
7894,32
7895,33
7896,8
7897,8
7898,48
7899,48
7900,23
7901,23
7902,53
7903,31
7904,31
7905,80
7906,80
7907,67
7908,9
7909,9
7910,66
7911,46
7912,46
7913,3
7914,31
7915,31
7916,81
7917,80
7918,19
7919,55
7920,61
7921,52
7922,52
7923,52
7924,20
7925,62
7926,66
7927,48
7928,48
7929,22
7930,14
7931,75
7932,33
7933,26
7934,14
7935,14
7936,28
7937,28
7938,9
7939,14
7940,85
7941,31
7942,31
7943,80
7944,3
7945,3
7946,48
7947,8
7948,70
7949,56
7950,56
7951,71
7952,72
7953,45
7954,45
7955,23
7956,23
7957,27
7958,27
7959,62
7960,62
7961,18
7962,86
7963,80
7964,14
7965,14
7966,19
7967,19
7968,19
7969,19
7970,36
7971,36
7972,36
7973,33
7974,18
7975,18
7976,36
7977,36
7978,30
7979,30
7980,43
7981,31
7982,31
7983,96
7984,96
7985,46
7986,46
7987,46
7988,21
7989,21
7990,42
7991,17
7992,37
7993,37
7994,63
7995,63
7996,27
7997,61
7998,61
7999,53
8000,53
8001,28
8002,28
8003,46
8004,46
8005,44
8006,43
8007,91
8008,91
8009,27
8010,12
8011,12
8012,33
8013,48
8014,48
8015,31
8016,31
8017,53
8018,53
8019,41
8020,57
8021,33
8022,57
8023,57
8024,18
8025,36
8026,62
8027,62
8028,36
8029,51
8030,61
8031,60
8032,8
8033,25
8034,25
8035,53
8036,62
8037,67
8038,2
8039,49
8040,49
8041,22
8042,47
8043,47
8044,43
8045,43
8046,18
8047,17
8048,12
8049,19
8050,19
8051,8
8052,33
8053,38
8054,43
8055,43
8056,18
8057,51
8058,63
8059,63
8060,32
8061,41
8062,40
8063,38
8064,38
8065,51
8066,28
8067,28
8068,58
8069,58
8070,31
8071,46
8072,76
8073,76
8074,91
8075,91
8076,16
8077,25
8078,25
8079,96
8080,96
8081,91
8082,90
8083,14
8084,90
8085,90
8086,80
8087,80
8088,28
8089,28
8090,43
8091,13
8092,13
8093,13
8094,13
8095,8
8096,8
8097,96
8098,96
8099,76
8100,76
8101,71
8102,48
8103,48
8104,28
8105,48
8106,48
8107,60
8108,60
8109,86
8110,85
8111,91
8112,36
8113,71
8114,56
8115,56
8116,56
8117,56
8118,56
8119,24
8120,24
8121,23
8122,23
8123,63
8124,44
8125,71
8126,18
8127,18
8128,75
8129,44
8130,62
8131,62
8132,36
8133,26
8134,26
8135,43
8136,43
8137,80
8138,46
8139,41
8140,80
8141,80
8142,23
8143,23
8144,23
8145,28
8146,28
8147,8
8148,8
8149,48
8150,48
8151,62
8152,32
8153,32
8154,26
8155,75
8156,67
8157,58
8158,58
8159,48
8160,53
8161,45
8162,28
8163,55
8164,48
8165,48
8166,55
8167,22
8168,22
8169,18
8170,18
8171,19
8172,62
8173,28
8174,33
8175,33
8176,57
8177,58
8178,42
8179,46
8180,46
8181,70
8182,19
8183,26
8184,26
8185,38
8186,66
8187,66
8188,70
8189,27
8190,27
8191,27
8192,63
8193,43
8194,43
8195,16
8196,17
8197,66
8198,66
8199,71
8200,71
8201,76
8202,55
8203,55
8204,33
8205,8
8206,41
8207,19
8208,19
8209,53
8210,53
8211,75
8212,75
8213,47
8214,53
8215,47
8216,47
8217,12
8218,12
8219,86
8220,85
8221,31
8222,18
8223,18
8224,37
8225,37
8226,27
8227,27
8228,31
8229,31
8230,27
8231,47
8232,56
8233,36
8234,13
8235,13
8236,51
8237,17
8238,17
8239,17
8240,53
8241,38
8242,56
8243,51
8244,51
8245,26
8246,26
8247,26
8248,46
8249,57
8250,57
8251,19
8252,48
8253,53
8254,48
8255,9
8256,9
8257,17
8258,85
8259,17
8260,14
8261,32
8262,66
8263,51
8264,53
8265,57
8266,26
8267,26
8268,63
8269,63
8270,31
8271,75
8272,81
8273,81
8274,7
8275,53
8276,43
8277,43
8278,8
8279,8
8280,24
8281,24
8282,38
8283,90
8284,90
8285,62
8286,62
8287,37
8288,37
8289,66
8290,7
8291,7
8292,62
8293,34
8294,22
8295,21
8296,7
8297,7
8298,62
8299,62
8300,2
8301,48
8302,71
8303,71
8304,12
8305,56
8306,56
8307,22
8308,33
8309,55
8310,55
8311,63
8312,63
8313,46
8314,37
8315,37
8316,9
8317,9
8318,80
8319,37
8320,37
8321,50
8322,50
8323,50
8324,58
8325,57
8326,16
8327,17
8328,21
8329,16
8330,16
8331,8
8332,21
8333,21
8334,14
8335,41
8336,41
8337,8
8338,8
8339,80
8340,46
8341,46
8342,66
8343,57
8344,55
8345,42
8346,42
8347,32
8348,38
8349,23
8350,23
8351,23
8352,14
8353,14
8354,51
8355,51
8356,21
8357,21
8358,27
8359,28
8360,28
8361,66
8362,24
8363,59
8364,38
8365,13
8366,40
8367,40
8368,14
8369,14
8370,14
8371,28
8372,28
8373,28
8374,12
8375,58
8376,58
8377,58
8378,58
8379,12
8380,18
8381,28
8382,19
8383,19
8384,45
8385,39
8386,39
8387,55
8388,26
8389,62
8390,21
8391,27
8392,27
8393,80
8394,40
8395,40
8396,67
8397,23
8398,63
8399,56
8400,17
8401,18
8402,14
8403,22
8404,22
8405,8
8406,8
8407,63
8408,66
8409,19
8410,19
8411,58
8412,36
8413,51
8414,51
8415,13
8416,12
8417,36
8418,36
8419,56
8420,56
8421,8
8422,8
8423,80
8424,80
8425,52
8426,43
8427,55
8428,2
8429,2
8430,2
8431,46
8432,2
8433,2
8434,12
8435,22
8436,56
8437,56
8438,57
8439,56
8440,31
8441,3
8442,81
8443,81
8444,7
8445,75
8446,81
8447,58
8448,58
8449,32
8450,43
8451,43
8452,28
8453,48
8454,21
8455,90
8456,18
8457,14
8458,14
8459,16
8460,40
8461,26
8462,43
8463,51
8464,51
8465,43
8466,35
8467,67
8468,57
8469,57
8470,21
8471,21
8472,33
8473,33
8474,32
8475,32
8476,32
8477,18
8478,36
8479,36
8480,96
8481,96
8482,30
8483,30
8484,91
8485,32
8486,32
8487,35
8488,35
8489,14
8490,51
8491,51
8492,21
8493,36
8494,36
8495,51
8496,51
8497,51
8498,35
8499,27
8500,27
8501,47
8502,47
8503,13
8504,2
8505,2
8506,33
8507,61
8508,61
8509,54
8510,3
8511,58
8512,37
8513,3
8514,18
8515,18
8516,23
8517,17
8518,17
8519,8
8520,85
8521,37
8522,33
8523,33
8524,62
8525,62
8526,63
8527,85
8528,85
8529,58
8530,58
8531,41
8532,28
8533,48
8534,38
8535,60
8536,57
8537,57
8538,66
8539,75
8540,75
8541,66
8542,66
8543,33
8544,62
8545,62
8546,62
8547,45
8548,45
8549,13
8550,19
8551,31
8552,46
8553,17
8554,59
8555,75
8556,58
8557,58
8558,90
8559,2
8560,2
8561,23
8562,14
8563,38
8564,85
8565,44
8566,44
8567,26
8568,26
8569,61
8570,76
8571,76
8572,17
8573,17
8574,38
8575,38
8576,36
8577,36
8578,26
8579,26
8580,12
8581,12
8582,18
8583,18
8584,75
8585,75
8586,38
8587,80
8588,80
8589,2
8590,62
8591,62
8592,65
8593,85
8594,85
8595,75
8596,75
8597,54
8598,60
8599,60
8600,41
8601,41
8602,42
8603,42
8604,8
8605,2
8606,71
8607,36
8608,71
8609,8
8610,8
8611,62
8612,17
8613,27
8614,27
8615,91
8616,16
8617,16
8618,67
8619,80
8620,80
8621,48
8622,8
8623,38
8624,85
8625,85
8626,29
8627,29
8628,31
8629,31
8630,38
8631,20
8632,66
8633,66
8634,41
8635,75
8636,75
8637,47
8638,17
8639,71
8640,27
8641,12
8642,46
8643,62
8644,41
8645,43
8646,81
8647,81
8648,19
8649,14
8650,14
8651,80
8652,67
8653,24
8654,17
8655,26
8656,53
8657,85
8658,36
8659,36
8660,33
8661,80
8662,37
8663,27
8664,27
8665,91
8666,96
8667,7
8668,7
8669,13
8670,13
8671,31
8672,52
8673,8
8674,25
8675,25
8676,67
8677,16
8678,28
8679,38
8680,57
8681,57
8682,71
8683,71
8684,46
8685,46
8686,53
8687,76
8688,75
8689,66
8690,57
8691,91
8692,91
8693,58
8694,58
8695,21
8696,41
8697,41
8698,8
8699,7
8700,7
8701,43
8702,58
8703,46
8704,46
8705,46
8706,62
8707,31
8708,18
8709,75
8710,63
8711,63
8712,71
8713,71
8714,67
8715,62
8716,22
8717,14
8718,14
8719,85
8720,16
8721,16
8722,17
8723,17
8724,17
8725,21
8726,21
8727,18
8728,75
8729,75
8730,75
8731,7
8732,71
8733,8
8734,36
8735,2
8736,2
8737,2
8738,21
8739,21
8740,85
8741,21
8742,21
8743,71
8744,71
8745,13
8746,53
8747,66
8748,65
8749,14
8750,19
8751,7
8752,7
8753,8
8754,80
8755,43
8756,14
8757,14
8758,14
8759,28
8760,28
8761,21
8762,43
8763,21
8764,24
8765,24
8766,48
8767,65
8768,62
8769,62
8770,33
8771,30
8772,66
8773,27
8774,27
8775,39
8776,39
8777,26
8778,41
8779,27
8780,27
8781,2
8782,2
8783,18
8784,18
8785,72
8786,72
8787,21
8788,91
8789,91
8790,14
8791,48
8792,48
8793,66
8794,66
8795,75
8796,57
8797,57
8798,96
8799,96
8800,13
8801,71
8802,12
8803,46
8804,61
8805,61
8806,58
8807,66
8808,3
8809,37
8810,37
8811,70
8812,70
8813,70
8814,37
8815,37
8816,32
8817,32
8818,32
8819,62
8820,62
8821,70
8822,70
8823,43
8824,66
8825,7
8826,48
8827,53
8828,27
8829,55
8830,7
8831,70
8832,70
8833,43
8834,22
8835,22
8836,7
8837,14
8838,7
8839,7
8840,71
8841,75
8842,53
8843,53
8844,23
8845,33
8846,12
8847,18
8848,18
8849,91
8850,91
8851,58
8852,63
8853,63
8854,80
8855,27
8856,32
8857,59
8858,59
8859,9
8860,64
8861,17
8862,70
8863,70
8864,22
8865,13
8866,13
8867,13
8868,53
8869,2
8870,37
8871,33
8872,27
8873,27
8874,7
8875,56
8876,56
8877,27
8878,61
8879,57
8880,23
8881,23
8882,53
8883,53
8884,32
8885,86
8886,43
8887,62
8888,13
8889,13
8890,13
8891,59
8892,34
8893,90
8894,90
8895,27
8896,27
8897,12
8898,12
8899,65
8900,61
8901,61
8902,41
8903,75
8904,75
8905,23
8906,16
8907,16
8908,19
8909,48
8910,42
8911,63
8912,22
8913,63
8914,37
8915,36
8916,33
8917,13
8918,27
8919,27
8920,48
8921,71
8922,71
8923,71
8924,70
8925,80
8926,80
8927,13
8928,48
8929,52
8930,52
8931,18
8932,14
8933,46
8934,60
8935,58
8936,38
8937,13
8938,53
8939,71
8940,71
8941,71
8942,36
8943,58
8944,52
8945,52
8946,55
8947,57
8948,18
8949,36
8950,63
8951,85
8952,23
8953,32
8954,28
8955,48
8956,31
8957,26
8958,19
8959,8
8960,40
8961,13
8962,58
8963,38
8964,41
8965,41
8966,26
8967,26
8968,48
8969,43
8970,43
8971,36
8972,36
8973,61
8974,80
8975,80
8976,80
8977,14
8978,46
8979,22
8980,2
8981,36
8982,42
8983,18
8984,41
8985,27
8986,25
8987,27
8988,21
8989,71
8990,81
8991,81
8992,48
8993,12
8994,12
8995,66
8996,13
8997,13
8998,13
8999,40
9000,40
9001,19
9002,59
9003,59
9004,85
9005,56
9006,35
9007,18
9008,24
9009,61
9010,61
9011,16
9012,96
9013,96
9014,96
9015,57
9016,3
9017,32
9018,2
9019,2
9020,13
9021,66
9022,61
9023,12
9024,12
9025,32
9026,31
9027,31
9028,31
9029,19
9030,8
9031,30
9032,48
9033,22
9034,33
9035,33
9036,13
9037,67
9038,67
9039,3
9040,67
9041,7
9042,33
9043,33
9044,48
9045,67
9046,41
9047,41
9048,28
9049,28
9050,60
9051,19
9052,80
9053,26
9054,12
9055,57
9056,53
9057,53
9058,26
9059,26
9060,26
9061,65
9062,52
9063,52
9064,18
9065,18
9066,38
9067,53
9068,17
9069,56
9070,22
9071,51
9072,21
9073,31
9074,33
9075,76
9076,76
9077,48
9078,56
9079,37
9080,48
9081,31
9082,31
9083,27
9084,28
9085,76
9086,26
9087,26
9088,26
9089,14
9090,7
9091,13
9092,13
9093,32
9094,66
9095,66
9096,48
9097,32
9098,32
9099,61
9100,71
9101,51
9102,37
9103,37
9104,70
9105,46
9106,66
9107,28
9108,28
9109,2
9110,8
9111,8
9112,29
9113,63
9114,17
9115,75
9116,8
9117,8
9118,38
9119,38
9120,45
9121,53
9122,14
9123,71
9124,16
9125,40
9126,80
9127,33
9128,17
9129,17
9130,52
9131,35
9132,46
9133,66
9134,24
9135,24
9136,53
9137,28
9138,21
9139,49
9140,56
9141,27
9142,27
9143,90
9144,90
9145,50
9146,51
9147,51
9148,51
9149,47
9150,56
9151,7
9152,7
9153,52
9154,62
9155,62
9156,86
9157,37
9158,37
9159,13
9160,60
9161,36
9162,26
9163,26
9164,71
9165,31
9166,60
9167,27
9168,27
9169,27
9170,31
9171,38
9172,47
9173,22
9174,80
9175,80
9176,23
9177,28
9178,12
9179,46
9180,46
9181,60
9182,60
9183,30
9184,30
9185,17
9186,17
9187,33
9188,33
9189,66
9190,26
9191,85
9192,85
9193,70
9194,70
9195,27
9196,27
9197,80
9198,80
9199,47
9200,9
9201,14
9202,14
9203,43
9204,43
9205,70
9206,70
9207,13
9208,85
9209,85
9210,23
9211,52
9212,37
9213,37
9214,54
9215,70
9216,14
9217,28
9218,51
9219,51
9220,51
9221,51
9222,51
9223,30
9224,16
9225,25
9226,25
9227,20
9228,20
9229,57
9230,57
9231,32
9232,32
9233,16
9234,33
9235,91
9236,61
9237,36
9238,21
9239,56
9240,12
9241,76
9242,16
9243,32
9244,43
9245,14
9246,14
9247,81
9248,81
9249,81
9250,56
9251,43
9252,81
9253,91
9254,55
9255,55
9256,90
9257,56
9258,71
9259,22
9260,21
9261,66
9262,14
9263,14
9264,31
9265,76
9266,70
9267,29
9268,29
9269,48
9270,31
9271,8
9272,26
9273,8
9274,8
9275,28
9276,28
9277,13
9278,38
9279,38
9280,43
9281,58
9282,58
9283,32
9284,32
9285,18
9286,18
9287,61
9288,26
9289,26
9290,46
9291,43
9292,21
9293,21
9294,28
9295,28
9296,28
9297,57
9298,51
9299,26
9300,26
9301,31
9302,28
9303,13
9304,13
9305,7
9306,7
9307,13
9308,43
9309,23
9310,23
9311,81
9312,81
9313,51
9314,51
9315,57
9316,57
9317,8
9318,13
9319,13
9320,13
9321,32
9322,32
9323,70
9324,70
9325,24
9326,58
9327,14
9328,14
9329,80
9330,85
9331,81
9332,81
9333,8
9334,53
9335,17
9336,63
9337,62
9338,61
9339,61
9340,7
9341,7
9342,9
9343,67
9344,67
9345,67
9346,58
9347,66
9348,41
9349,41
9350,57
9351,57
9352,22
9353,22
9354,22
9355,24
9356,24
9357,44
9358,32
9359,32
9360,32
9361,55
9362,40
9363,14
9364,14
9365,14
9366,38
9367,38
9368,19
9369,23
9370,23
9371,62
9372,27
9373,66
9374,27
9375,8
9376,27
9377,21
9378,85
9379,61
9380,60
9381,64
9382,47
9383,12
9384,12
9385,12
9386,12
9387,61
9388,61
9389,28
9390,28
9391,75
9392,17
9393,31
9394,58
9395,46
9396,95
9397,55
9398,53
9399,53
9400,66
9401,36
9402,22
9403,22
9404,37
9405,41
9406,41
9407,33
9408,17
9409,43
9410,61
9411,22
9412,13
9413,19
9414,28
9415,36
9416,28
9417,37
9418,37
9419,24
9420,24
9421,43
9422,43
9423,90
9424,90
9425,18
9426,18
9427,22
9428,85
9429,22
9430,52
9431,26
9432,17
9433,17
9434,17
9435,17
9436,18
9437,18
9438,27
9439,26
9440,59
9441,56
9442,16
9443,16
9444,48
9445,85
9446,85
9447,90
9448,21
9449,43
9450,33
9451,90
9452,71
9453,71
9454,23
9455,23
9456,41
9457,47
9458,85
9459,18
9460,57
9461,3
9462,66
9463,28
9464,28
9465,76
9466,76
9467,71
9468,40
9469,46
9470,37
9471,9
9472,81
9473,7
9474,7
9475,33
9476,14
9477,51
9478,42
9479,17
9480,12
9481,13
9482,16
9483,16
9484,41
9485,16
9486,57
9487,71
9488,90
9489,53
9490,58
9491,61
9492,50
9493,50
9494,56
9495,63
9496,63
9497,44
9498,44
9499,60
9500,13
9501,70
9502,9
9503,9
9504,40
9505,40
9506,40
9507,23
9508,70
9509,40
9510,45
9511,35
9512,35
9513,81
9514,71
9515,71
9516,52
9517,52
9518,75
9519,81
9520,81
9521,26
9522,65
9523,65
9524,36
9525,13
9526,38
9527,12
9528,63
9529,91
9530,13
9531,20
9532,12
9533,12
9534,52
9535,46
9536,33
9537,2
9538,43
9539,26
9540,71
9541,41
9542,7
9543,80
9544,53
9545,53
9546,63
9547,36
9548,80
9549,9
9550,19
9551,19
9552,65
9553,12
9554,17
9555,91
9556,81
9557,24
9558,24
9559,24
9560,36
9561,38
9562,38
9563,46
9564,71
9565,61
9566,61
9567,41
9568,18
9569,80
9570,80
9571,21
9572,21
9573,55
9574,55
9575,76
9576,76
9577,14
9578,75
9579,60
9580,58
9581,90
9582,23
9583,23
9584,53
9585,53
9586,80
9587,16
9588,16
9589,20
9590,20
9591,57
9592,57
9593,22
9594,58
9595,43
9596,23
9597,12
9598,36
9599,36
9600,71
9601,67
9602,25
9603,25
9604,12
9605,90
9606,30
9607,21
9608,17
9609,16
9610,14
9611,38
9612,38
9613,22
9614,13
9615,13
9616,13
9617,55
9618,19
9619,19
9620,48
9621,55
9622,40
9623,45
9624,8
9625,8
9626,43
9627,60
9628,22
9629,58
9630,58
9631,90
9632,17
9633,31
9634,31
9635,52
9636,52
9637,63
9638,42
9639,38
9640,38
9641,52
9642,14
9643,66
9644,66
9645,76
9646,90
9647,46
9648,46
9649,31
9650,31
9651,43
9652,81
9653,81
9654,32
9655,32
9656,63
9657,43
9658,44
9659,46
9660,26
9661,7
9662,7
9663,57
9664,57
9665,57
9666,31
9667,31
9668,33
9669,38
9670,48
9671,53
9672,42
9673,43
9674,90
9675,23
9676,90
9677,3
9678,3
9679,3
9680,49
9681,44
9682,13
9683,27
9684,19
9685,19
9686,19
9687,11
9688,17
9689,24
9690,14
9691,24
9692,62
9693,21
9694,16
9695,62
9696,81
9697,43
9698,27
9699,65
9700,62
9701,80
9702,21
9703,32
9704,32
9705,11
9706,51
9707,44
9708,14
9709,53
9710,53
9711,37
9712,21
9713,70
9714,70
9715,80
9716,80
9717,56
9718,66
9719,16
9720,16
9721,55
9722,86
9723,86
9724,8
9725,38
9726,38
9727,46
9728,13
9729,28
9730,43
9731,43
9732,2
9733,2
9734,2
9735,41
9736,22
9737,27
9738,27
9739,14
9740,42
9741,42
9742,42
9743,67
9744,57
9745,57
9746,23
9747,37
9748,37
9749,37
9750,22
9751,24
9752,76
9753,38
9754,38
9755,55
9756,21
9757,21
9758,14
9759,53
9760,26
9761,26
9762,26
9763,8
9764,58
9765,42
9766,18
9767,90
9768,90
9769,12
9770,12
9771,26
9772,40
9773,40
9774,14
9775,72
9776,72
9777,12
9778,33
9779,36
9780,60
9781,62
9782,62
9783,36
9784,80
9785,80
9786,13
9787,24
9788,57
9789,80
9790,80
9791,71
9792,71
9793,45
9794,45
9795,13
9796,13
9797,30
9798,62
9799,62
9800,28
9801,53
9802,53
9803,72
9804,33
9805,33
9806,80
9807,85
9808,48
9809,33
9810,33
9811,53
9812,55
9813,2
9814,2
9815,12
9816,48
9817,80
9818,25
9819,63
9820,85
9821,41
9822,41
9823,52
9824,52
9825,80
9826,42
9827,42
9828,67
9829,56
9830,56
9831,24
9832,28
9833,37
9834,37
9835,17
9836,27
9837,19
9838,19
9839,13
9840,22
9841,22
9842,65
9843,65
9844,65
9845,34
9846,18
9847,18
9848,18
9849,25
9850,25
9851,27
9852,27
9853,21
9854,21
9855,71
9856,17
9857,17
9858,7
9859,53
9860,65
9861,48
9862,11
9863,76
9864,42
9865,42
9866,27
9867,27
9868,2
9869,12
9870,26
9871,56
9872,53
9873,13
9874,62
9875,23
9876,27
9877,17
9878,17
9879,16
9880,16
9881,32
9882,32
9883,32
9884,32
9885,14
9886,51
9887,2
9888,91
9889,53
9890,53
9891,53
9892,90
9893,57
9894,48
9895,57
9896,14
9897,71
9898,71
9899,33
9900,14
9901,14
9902,19
9903,40
9904,12
9905,12
9906,12
9907,51
9908,22
9909,55
9910,55
9911,75
9912,3
9913,3
9914,19
9915,19
9916,41
9917,41
9918,32
9919,31
9920,11
9921,45
9922,71
9923,38
9924,38
9925,61
9926,58
9927,57
9928,42
9929,26
9930,26
9931,47
9932,40
9933,47
9934,47
9935,75
9936,47
9937,66
9938,66
9939,30
9940,30
9941,51
9942,51
9943,51
9944,52
9945,52
9946,19
9947,17
9948,45
9949,53
9950,9
9951,46
9952,75
9953,61
9954,12
9955,12
9956,27
9957,22
9958,22
9959,22
9960,25
9961,90
9962,9
9963,14
9964,12
9965,12
9966,12
9967,49
9968,49
9969,65
9970,65
9971,35
9972,33
9973,8
9974,14
9975,14
9976,31
9977,31
9978,13
9979,33
9980,33
9981,13
9982,18
9983,33
9984,27
9985,86
9986,37
9987,37
9988,33
9989,75
9990,26
9991,50
9992,46
9993,41
9994,28
9995,33
9996,43
9997,43
9998,63
9999,27
10000,35
10001,38
10002,57
10003,26
10004,26
10005,66
10006,66
10007,16
10008,16
10009,71
10010,66
10011,14
10012,14
10013,65
10014,65
10015,27
10016,27
10017,45
10018,45
10019,12
10020,22
10021,76
10022,17
10023,9
10024,49
10025,36
10026,8
10027,56
10028,22
10029,22
10030,58
10031,53
10032,17
10033,33
10034,66
10035,40
10036,40
10037,7
10038,7
10039,31
10040,72
10041,72
10042,26
10043,26
10044,81
10045,86
10046,26
10047,26
10048,61
10049,61
10050,90
10051,90
10052,90
10053,41
10054,36
10055,36
10056,18
10057,13
10058,38
10059,28
10060,49
10061,48
10062,49
10063,31
10064,31
10065,13
10066,47
10067,66
10068,18
10069,18
10070,90
10071,43
10072,70
10073,70
10074,39
10075,76
10076,3
10077,75
10078,71
10079,71
10080,33
10081,43
10082,43
10083,43
10084,51
10085,56
10086,38
10087,58
10088,48
10089,26
10090,26
10091,18
10092,18
10093,18
10094,27
10095,36
10096,36
10097,36
10098,7
10099,7
10100,19
10101,19
10102,31
10103,13
10104,33
10105,51
10106,51
10107,18
10108,18
10109,18
10110,18
10111,80
10112,80
10113,31
10114,18
10115,22
10116,22
10117,22
10118,24
10119,24
10120,18
10121,49
10122,49
10123,8
10124,37
10125,66
10126,66
10127,33
10128,19
10129,53
10130,48
10131,28
10132,28
10133,42
10134,32
10135,8
10136,26
10137,7
10138,33
10139,33
10140,33
10141,26
10142,21
10143,47
10144,81
10145,85
10146,85
10147,8
10148,8
10149,38
10150,38
10151,85
10152,85
10153,63
10154,63
10155,61
10156,50
10157,72
10158,56
10159,56
10160,47
10161,47
10162,53
10163,63
10164,8
10165,9
10166,32
10167,32
10168,25
10169,25
10170,57
10171,21
10172,21
10173,37
10174,32
10175,63
10176,63
10177,22
10178,18
10179,18
10180,18
10181,43
10182,61
10183,61
10184,17
10185,16
10186,36
10187,33
10188,58
10189,58
10190,85
10191,27
10192,2
10193,2
10194,63
10195,7
10196,31
10197,67
10198,33
10199,58
10200,22
10201,62
10202,19
10203,51
10204,51
10205,51
10206,40
10207,91
10208,31
10209,56
10210,61
10211,28
10212,26
10213,49
10214,7
10215,7
10216,7
10217,18
10218,19
10219,8
10220,24
10221,53
10222,71
10223,85
10224,3
10225,19
10226,19
10227,80
10228,43
10229,43
10230,21
10231,21
10232,85
10233,57
10234,2
10235,58
10236,27
10237,13
10238,52
10239,52
10240,41
10241,41
10242,63
10243,63
10244,52
10245,63
10246,81
10247,81
10248,38
10249,62
10250,43
10251,31
10252,31
10253,44
10254,60
10255,7
10256,38
10257,38
10258,57
10259,8
10260,33
10261,14
10262,43
10263,57
10264,57
10265,19
10266,48
10267,96
10268,17
10269,36
10270,8
10271,57
10272,57
10273,58
10274,58
10275,38
10276,50
10277,39
10278,13
10279,7
10280,31
10281,57
10282,71
10283,62
10284,33
10285,33
10286,53
10287,17
10288,67
10289,85
10290,19
10291,19
10292,80
10293,37
10294,53
10295,22
10296,53
10297,75
10298,17
10299,60
10300,22
10301,26
10302,14
10303,43
10304,32
10305,32
10306,31
10307,37
10308,32
10309,71
10310,71
10311,7
10312,7
10313,7
10314,19
10315,21
10316,40
10317,40
10318,18
10319,46
10320,42
10321,63
10322,61
10323,12
10324,12
10325,12
10326,53
10327,12
10328,52
10329,56
10330,32
10331,48
10332,67
10333,60
10334,60
10335,37
10336,53
10337,33
10338,21
10339,28
10340,28
10341,19
10342,19
10343,60
10344,60
10345,85
10346,53
10347,53
10348,17
10349,21
10350,67
10351,36
10352,36
10353,16
10354,16
10355,80
10356,56
10357,53
10358,46
10359,46
10360,75
10361,80
10362,12
10363,12
10364,24
10365,37
10366,29
10367,53
10368,47
10369,13
10370,13
10371,25
10372,25
10373,18
10374,58
10375,28
10376,56
10377,26
10378,3
10379,3
10380,53
10381,96
10382,96
10383,75
10384,50
10385,62
10386,33
10387,33
10388,30
10389,13
10390,58
10391,58
10392,41
10393,25
10394,52
10395,60
10396,20
10397,46
10398,12
10399,13
10400,27
10401,19
10402,19
10403,90
10404,90
10405,43
10406,38
10407,61
10408,80
10409,80
10410,31
10411,31
10412,17
10413,28
10414,47
10415,31
10416,22
10417,22
10418,76
10419,58
10420,58
10421,55
10422,86
10423,31
10424,31
10425,17
10426,17
10427,60
10428,60
10429,62
10430,31
10431,75
10432,75
10433,96
10434,66
10435,47
10436,13
10437,13
10438,30
10439,12
10440,28
10441,28
10442,90
10443,90
10444,28
10445,65
10446,80
10447,22
10448,26
10449,8
10450,28
10451,62
10452,80
10453,43
10454,56
10455,56
10456,50
10457,43
10458,42
10459,47
10460,33
10461,67
10462,31
10463,90
10464,49
10465,41
10466,96
10467,40
10468,23
10469,23
10470,17
10471,48
10472,60
10473,60
10474,48
10475,59
10476,47
10477,52
10478,48
10479,8
10480,48
10481,48
10482,28
10483,25
10484,22
10485,62
10486,17
10487,52
10488,26
10489,85
10490,67
10491,80
10492,24
10493,31
10494,76
10495,28
10496,61
10497,85
10498,58
10499,58
10500,7
10501,7
10502,23
10503,36
10504,22
10505,22
10506,58
10507,75
10508,23
10509,23
10510,42
10511,42
10512,13
10513,46
10514,46
10515,85
10516,85
10517,52
10518,32
10519,31
10520,31
10521,13
10522,13
10523,21
10524,33
10525,32
10526,61
10527,61
10528,8
10529,8
10530,14
10531,13
10532,43
10533,71
10534,33
10535,33
10536,25
10537,46
10538,16
10539,16
10540,12
10541,21
10542,85
10543,51
10544,51
10545,41
10546,16
10547,16
10548,23
10549,23
10550,17
10551,17
10552,62
10553,61
10554,61
10555,36
10556,2
10557,22
10558,22
10559,47
10560,27
10561,57
10562,44
10563,62
10564,49
10565,38
10566,41
10567,41
10568,81
10569,54
10570,54
10571,31
10572,32
10573,46
10574,51
10575,63
10576,46
10577,46
10578,46
10579,14
10580,18
10581,18
10582,60
10583,30
10584,76
10585,76
10586,22
10587,36
10588,36
10589,86
10590,18
10591,33
10592,33
10593,32
10594,13
10595,21
10596,41
10597,41
10598,60
10599,31
10600,3
10601,7
10602,76
10603,76
10604,7
10605,9
10606,14
10607,43
10608,13
10609,38
10610,60
10611,13
10612,23
10613,61
10614,51
10615,52
10616,43
10617,28
10618,13
10619,17
10620,12
10621,12
10622,13
10623,13
10624,28
10625,67
10626,45
10627,80
10628,70
10629,13
10630,51
10631,44
10632,18
10633,12
10634,48
10635,49
10636,16
10637,44
10638,13
10639,76
10640,76
10641,70
10642,7
10643,7
10644,3
10645,51
10646,18
10647,22
10648,22
10649,62
10650,62
10651,66
10652,33
10653,95
10654,7
10655,7
10656,31
10657,75
10658,75
10659,27
10660,19
10661,3
10662,3
10663,21
10664,21
10665,2
10666,2
10667,23
10668,3
10669,31
10670,60
10671,63
10672,55
10673,55
10674,17
10675,16
10676,21
10677,21
10678,8
10679,48
10680,66
10681,66
10682,35
10683,81
10684,71
10685,20
10686,48
10687,65
10688,75
10689,40
10690,40
10691,46
10692,46
10693,17
10694,14
10695,72
10696,16
10697,48
10698,57
10699,57
10700,40
10701,14
10702,23
10703,80
10704,42
10705,18
10706,53
10707,53
10708,23
10709,23
10710,14
10711,62
10712,62
10713,57
10714,7
10715,56
10716,57
10717,57
10718,12
10719,13
10720,17
10721,17
10722,7
10723,45
10724,3
10725,3
10726,85
10727,85
10728,57
10729,12
10730,13
10731,46
10732,26
10733,2
10734,72
10735,51
10736,51
10737,80
10738,38
10739,37
10740,37
10741,48
10742,42
10743,16
10744,12
10745,12
10746,12
10747,48
10748,37
10749,37
10750,25
10751,13
10752,22
10753,61
10754,61
10755,43
10756,96
10757,21
10758,17
10759,50
10760,8
10761,8
10762,14
10763,14
10764,17
10765,32
10766,32
10767,32
10768,19
10769,23
10770,67
10771,32
10772,53
10773,53
10774,7
10775,7
10776,3
10777,85
10778,33
10779,56
10780,58
10781,22
10782,22
10783,28
10784,28
10785,28
10786,42
10787,16
10788,71
10789,71
10790,58
10791,61
10792,53
10793,61
10794,48
10795,43
10796,13
10797,13
10798,13
10799,22
10800,12
10801,32
10802,32
10803,23
10804,53
10805,48
10806,51
10807,63
10808,53
10809,53
10810,44
10811,44
10812,33
10813,23
10814,23
10815,23
10816,75
10817,85
10818,66
10819,66
10820,63
10821,85
10822,22
10823,22
10824,61
10825,33
10826,33
10827,33
10828,53
10829,53
10830,76
10831,18
10832,71
10833,38
10834,13
10835,53
10836,27
10837,27
10838,23
10839,49
10840,80
10841,61
10842,61
10843,21
10844,27
10845,67
10846,31
10847,14
10848,23
10849,31
10850,31
10851,14
10852,32
10853,43
10854,80
10855,21
10856,21
10857,21
10858,26
10859,28
10860,28
10861,70
10862,22
10863,90
10864,38
10865,8
10866,57
10867,59
10868,59
10869,36
10870,86
10871,70
10872,66
10873,71
10874,18
10875,9
10876,48
10877,70
10878,90
10879,52
10880,52
10881,12
10882,21
10883,63
10884,52
10885,80
10886,18
10887,57
10888,60
10889,58
10890,51
10891,32
10892,66
10893,9
10894,18
10895,17
10896,50
10897,31
10898,12
10899,32
10900,22
10901,42
10902,42
10903,27
10904,42
10905,42
10906,62
10907,62
10908,16
10909,51
10910,28
10911,80
10912,2
10913,43
10914,60
10915,60
10916,31
10917,36
10918,27
10919,62
10920,75
10921,41
10922,31
10923,38
10924,28
10925,57
10926,33
10927,17
10928,16
10929,41
10930,48
10931,33
10932,21
10933,26
10934,24
10935,66
10936,17
10937,90
10938,90
10939,48
10940,91
10941,32
10942,61
10943,61
10944,30
10945,30
10946,85
10947,76
10948,76
10949,11
10950,13
10951,43
10952,27
10953,28
10954,52
10955,53
10956,14
10957,53
10958,85
10959,17
10960,17
10961,48
10962,43
10963,16
10964,58
10965,34
10966,51
10967,80
10968,28
10969,8
10970,8
10971,8
10972,80
10973,80
10974,33
10975,33
10976,52
10977,52
10978,49
10979,53
10980,53
10981,36
10982,28
10983,28
10984,36
10985,12
10986,19
10987,19
10988,22
10989,25
10990,18
10991,37
10992,36
10993,48
10994,62
10995,8
10996,42
10997,53
10998,56
10999,56
11000,91
11001,48
11002,48
11003,56
11004,17
11005,28
11006,13
11007,21
11008,21
11009,66
11010,12
11011,12
11012,16
11013,16
11014,63
11015,27
11016,60
11017,14
11018,53
11019,50
11020,50
11021,8
11022,8
11023,28
11024,62
11025,65
11026,61
11027,96
11028,45
11029,65
11030,12
11031,12
11032,23
11033,30
11034,56
11035,56
11036,32
11037,80
11038,44
11039,13
11040,27
11041,75
11042,54
11043,91
11044,50
11045,71
11046,48
11047,66
11048,2
11049,14
11050,14
11051,32
11052,2
11053,2
11054,8
11055,24
11056,19
11057,12
11058,20
11059,42
11060,28
11061,28
11062,80
11063,62
11064,31
11065,86
11066,46
11067,46
11068,19
11069,46
11070,38
11071,45
11072,63
11073,33
11074,19
11075,31
11076,56
11077,48
11078,42
11079,12
11080,51
11081,49
11082,29
11083,48
11084,48
11085,52
11086,52
11087,28
11088,62
11089,62
11090,75
11091,21
11092,8
11093,8
11094,28
11095,46
11096,39
11097,39
11098,12
11099,71
11100,71
11101,18
11102,22
11103,24
11104,51
11105,51
11106,21
11107,22
11108,41
11109,32
11110,32
11111,26
11112,61
11113,61
11114,37
11115,37
11116,66
11117,71
11118,27
11119,27
11120,27
11121,18
11122,19
11123,21
11124,43
11125,33
11126,38
11127,38
11128,18
11129,19
11130,40
11131,66
11132,62
11133,46
11134,18
11135,8
11136,40
11137,75
11138,17
11139,58
11140,85
11141,14
11142,7
11143,24
11144,46
11145,46
11146,66
11147,8
11148,8
11149,96
11150,96
11151,27
11152,14
11153,53
11154,14
11155,90
11156,90
11157,23
11158,24
11159,85
11160,85
11161,48
11162,13
11163,13
11164,37
11165,61
11166,61
11167,61
11168,17
11169,17
11170,38
11171,23
11172,46
11173,46
11174,38
11175,52
11176,52
11177,40
11178,55
11179,3
11180,3
11181,58
11182,58
11183,96
11184,96
11185,35
11186,58
11187,43
11188,43
11189,38
11190,81
11191,81
11192,32
11193,66
11194,91
11195,91
11196,91
11197,57
11198,8
11199,35
11200,56
11201,8
11202,43
11203,43
11204,80
11205,80
11206,56
11207,29
11208,31
11209,75
11210,2
11211,57
11212,50
11213,43
11214,43
11215,66
11216,66
11217,38
11218,61
11219,86
11220,75
11221,71
11222,19
11223,36
11224,25
11225,16
11226,43
11227,43
11228,7
11229,17
11230,17
11231,54
11232,37
11233,63
11234,63
11235,65
11236,16
11237,18
11238,18
11239,48
11240,55
11241,13
11242,85
11243,63
11244,27
11245,57
11246,12
11247,17
11248,62
11249,14
11250,28
11251,76
11252,76
11253,38
11254,70
11255,19
11256,3
11257,57
11258,57
11259,51
11260,22
11261,24
11262,24
11263,66
11264,21
11265,22
11266,22
11267,66
11268,52
11269,52
11270,80
11271,21
11272,20
11273,33
11274,43
11275,14
11276,67
11277,60
11278,37
11279,38
11280,75
11281,58
11282,57
11283,53
11284,90
11285,21
11286,56
11287,80
11288,62
11289,28
11290,43
11291,12
11292,48
11293,48
11294,46
11295,19
11296,62
11297,16
11298,14
11299,55
11300,38
11301,24
11302,24
11303,56
11304,57
11305,17
11306,66
11307,18
11308,26
11309,53
11310,35
11311,51
11312,35
11313,12
11314,56
11315,18
11316,42
11317,58
11318,27
11319,33
11320,2
11321,38
11322,71
11323,71
11324,56
11325,19
11326,75
11327,75
11328,41
11329,58
11330,32
11331,49
11332,60
11333,53
11334,57
11335,58
11336,38
11337,38
11338,75
11339,53
11340,2
11341,31
11342,56
11343,51
11344,13
11345,13
11346,23
11347,37
11348,37
11349,39
11350,95
11351,22
11352,22
11353,24
11354,53
11355,42
11356,17
11357,75
11358,19
11359,3
11360,19
11361,65
11362,65
11363,40
11364,85
11365,21
11366,38
11367,50
11368,28
11369,17
11370,33
11371,33
11372,56
11373,38
11374,58
11375,58
11376,43
11377,90
11378,27
11379,27
11380,36
11381,32
11382,21
11383,23
11384,23
11385,21
11386,66
11387,56
11388,38
11389,38
11390,76
11391,17
11392,37
11393,23
11394,23
11395,17
11396,2
11397,96
11398,55
11399,60
11400,60
11401,2
11402,17
11403,31
11404,31
11405,66
11406,22
11407,40
11408,53
11409,62
11410,38
11411,33
11412,49
11413,61
11414,39
11415,24
11416,42
11417,60
11418,60
11419,44
11420,41
11421,13
11422,13
11423,12
11424,75
11425,36
11426,58
11427,24
11428,32
11429,7
11430,18
11431,42
11432,16
11433,51
11434,81
11435,80
11436,76
11437,60
11438,62
11439,13
11440,60
11441,36
11442,42
11443,38
11444,66
11445,21
11446,63
11447,85
11448,53
11449,14
11450,36
11451,96
11452,56
11453,17
11454,22
11455,23
11456,23
11457,23
11458,63
11459,12
11460,56
11461,91
11462,76
11463,18
11464,66
11465,18
11466,66
11467,52
11468,25
11469,46
11470,33
11471,48
11472,48
11473,27
11474,61
11475,67
11476,53
11477,56
11478,9
11479,56
11480,31
11481,36
11482,66
11483,81
11484,47
11485,57
11486,47
11487,62
11488,38
11489,63
11490,38
11491,17
11492,85
11493,75
11494,75
11495,53
11496,26
11497,26
11498,62
11499,14
11500,56
11501,2
11502,13
11503,57
11504,28
11505,66
11506,66
11507,18
11508,41
11509,13
11510,38
11511,65
11512,24
11513,24
11514,49
11515,58
11516,65
11517,19
11518,19
11519,12
11520,47
11521,26
11522,62
11523,62
11524,37
11525,80
11526,38
11527,66
11528,66
11529,80
11530,80
11531,38
11532,38
11533,8
11534,96
11535,17
11536,8
11537,55
11538,31
11539,32
11540,27
11541,17
11542,16
11543,19
11544,90
11545,46
11546,38
11547,43
11548,16
11549,41
11550,41
11551,21
11552,21
11553,18
11554,18
11555,51
11556,8
11557,47
11558,33
11559,62
11560,61
11561,39
11562,23
11563,55
11564,22
11565,43
11566,28
11567,61
11568,80
11569,80
11570,58
11571,19
11572,36
11573,36
11574,32
11575,43
11576,43
11577,46
11578,3
11579,26
11580,37
11581,23
11582,23
11583,90
11584,32
11585,23
11586,32
11587,38
11588,27
11589,58
11590,44
11591,75
11592,44
11593,66
11594,66
11595,75
11596,17
11597,12
11598,12
11599,57
11600,13
11601,48
11602,8
11603,65
11604,21
11605,52
11606,52
11607,19
11608,19
11609,60
11610,53
11611,22
11612,56
11613,46
11614,58
11615,33
11616,38
11617,26
11618,42
11619,25
11620,26
11621,80
11622,48
11623,52
11624,24
11625,17
11626,32
11627,14
11628,41
11629,85
11630,41
11631,33
11632,33
11633,27
11634,61
11635,61
11636,41
11637,7
11638,26
11639,61
11640,61
11641,56
11642,41
11643,44
11644,71
11645,71
11646,71
11647,18
11648,37
11649,26
11650,12
11651,80
11652,80
11653,61
11654,19
11655,19
11656,12
11657,36
11658,30
11659,47
11660,61
11661,43
11662,36
11663,33
11664,22
11665,67
11666,67
11667,27
11668,17
11669,14
11670,53
11671,19
11672,48
11673,26
11674,24
11675,71
11676,13
11677,31
11678,43
11679,43
11680,42
11681,43
11682,12
11683,8
11684,36
11685,19
11686,8
11687,51
11688,21
11689,58
11690,18
11691,18
11692,19
11693,47
11694,3
11695,3
11696,38
11697,61
11698,22
11699,53
11700,18
11701,58
11702,39
11703,39
11704,26
11705,26
11706,38
11707,58
11708,12
11709,43
11710,63
11711,63
11712,25
11713,17
11714,70
11715,19
11716,19
11717,8
11718,75
11719,80
11720,81
11721,28
11722,90
11723,53
11724,45
11725,14
11726,12
11727,12
11728,48
11729,55
11730,22
11731,43
11732,33
11733,16
11734,18
11735,63
11736,28
11737,26
11738,71
11739,37
11740,41
11741,14
11742,8
11743,47
11744,33
11745,62
11746,66
11747,22
11748,67
11749,67
11750,80
11751,17
11752,38
11753,80
11754,14
11755,7
11756,17
11757,42
11758,23
11759,76
11760,61
11761,48
11762,90
11763,41
11764,28
11765,16
11766,18
11767,27
11768,43
11769,44
11770,13
11771,27
11772,27
11773,27
11774,50
11775,18
11776,85
11777,47
11778,47
11779,71
11780,12
11781,63
11782,63
11783,8
11784,18
11785,71
11786,63
11787,27
11788,27
11789,22
11790,51
11791,61
11792,63
11793,41
11794,67
11795,24
11796,36
11797,53
11798,28
11799,58
11800,32
11801,32
11802,46
11803,52
11804,80
11805,46
11806,58
11807,31
11808,81
11809,76
11810,66
11811,66
11812,12
11813,13
11814,60
11815,9
11816,56
11817,61
11818,13
11819,46
11820,36
11821,21
11822,21
11823,70
11824,25
11825,38
11826,17
11827,19
11828,80
11829,12
11830,17
11831,76
11832,66
11833,52
11834,17
11835,36
11836,22
11837,12
11838,80
11839,63
11840,14
11841,22
11842,22
11843,3
11844,32
11845,27
11846,21
11847,14
11848,62
11849,53
11850,53
11851,46
11852,23
11853,61
11854,81
11855,25
11856,56
11857,33
11858,22
11859,71
11860,33
11861,12
11862,19
11863,19
11864,26
11865,53
11866,14
11867,27
11868,48
11869,28
11870,32
11871,13
11872,23
11873,32
11874,32
11875,53
11876,13
11877,63
11878,62
11879,62
11880,62
11881,27
11882,2
11883,30
11884,28
11885,43
11886,31
11887,81
11888,56
11889,49
11890,46
11891,18
11892,63
11893,14
11894,46
11895,23
11896,80
11897,70
11898,76
11899,44
11900,12
11901,28
11902,36
11903,32
11904,56
11905,57
11906,13
11907,53
11908,16
11909,48
11910,75
11911,70
11912,32
11913,76
11914,61
11915,21
11916,95
11917,36
11918,76
11919,28
11920,55
11921,12
11922,43
11923,13
11924,85
11925,46
11926,53
11927,28
11928,23
11929,33
11930,33
11931,85
11932,86
11933,17
11934,36
11935,53
11936,23
11937,37
11938,61
11939,19
11940,76
11941,32
11942,21
11943,13
11944,57
11945,66
11946,37
11947,81
11948,81
11949,56
11950,38
11951,7
11952,27
11953,27
11954,65
11955,14
11956,14
11957,44
11958,18
11959,12
11960,33
11961,71
11962,32
11963,16
11964,46
11965,62
11966,62
11967,26
11968,56
11969,63
11970,81
11971,81
11972,12
11973,67
11974,12
11975,7
11976,76
11977,8
11978,42
11979,42
11980,36
11981,75
11982,90
11983,53
11984,26
11985,48
11986,90
11987,90
11988,66
11989,66
11990,51
11991,36
11992,51
11993,58
11994,24
11995,51
11996,51
11997,28
11998,31
11999,13
12000,80
12001,62
12002,22
12003,38
12004,63
12005,16
12006,56
12007,47
12008,48
12009,28
12010,24
12011,62
12012,27
12013,2
12014,63
12015,44
12016,43
12017,21
12018,21
12019,32
12020,35
12021,38
12022,57
12023,60
12024,70
12025,56
12026,43
12027,58
12028,28
12029,31
12030,91
12031,12
12032,27
12033,2
12034,37
12035,63
12036,43
12037,48
12038,7
12039,38
12040,75
12041,36
12042,56
12043,90
12044,29
12045,19
12046,13
12047,36
12048,3
12049,47
12050,14
12051,17
12052,36
12053,67
12054,80
12055,71
12056,40
12057,40
12058,43
12059,43
12060,58
12061,17
12062,13
12063,81
12064,33
12065,62
12066,53
12067,3
12068,70
12069,7
12070,25
12071,38
12072,18
12073,62
12074,24
12075,60
12076,17
12077,33
12078,14
12079,2
12080,60
12081,38
12082,70
12083,70
12084,32
12085,7
12086,90
12087,21
12088,48
12089,66
12090,85
12091,85
12092,18
12093,36
12094,23
12095,96
12096,56
12097,14
12098,53
12099,51
12100,38
12101,28
12102,23
12103,24
12104,22
12105,22
12106,43
12107,32
12108,60
12109,38
12110,61
12111,31
12112,14
12113,52
12114,67
12115,65
12116,21
12117,57
12118,76
12119,43
12120,25
12121,26
12122,61
12123,61
12124,63
12125,67
12126,31
12127,66
12128,57
12129,28
12130,17
12131,43
12132,13
12133,53
12134,32
12135,43
12136,37
12137,14
12138,8
12139,80
12140,25
12141,28
12142,66
12143,66
12144,32
12145,32
12146,28
12147,13
12148,60
12149,60
12150,23
12151,3
12152,28
12153,28
12154,32
12155,53
12156,12
12157,75
12158,37
12159,49
12160,62
12161,50
12162,27
12163,28
12164,28
12165,60
12166,52
12167,52
12168,52
12169,37
12170,21
12171,63
12172,63
12173,66
12174,62
12175,23
12176,81
12177,13
12178,27
12179,33
12180,45
12181,63
12182,24
12183,51
12184,28
12185,32
12186,47
12187,66
12188,33
12189,90
12190,28
12191,12
12192,12
12193,37
12194,17
12195,61
12196,32
12197,63
12198,14
12199,57
12200,61
12201,50
12202,40
12203,28
12204,32
12205,53
12206,90
12207,91
12208,66
12209,52
12210,21
12211,46
12212,42
12213,56
12214,58
12215,17
12216,65
12217,70
12218,47
12219,58
12220,67
12221,64
12222,58
12223,61
12224,66
12225,36
12226,46
12227,26
12228,19
12229,70
12230,17
12231,2
12232,38
12233,45
12234,58
12235,13
12236,27
12237,7
12238,27
12239,41
12240,13
12241,37
12242,43
12243,66
12244,35
12245,56
12246,76
12247,41
12248,80
12249,40
12250,23
12251,27
12252,32
12253,32
12254,8
12255,43
12256,25
12257,60
12258,56
12259,22
12260,12
12261,24
12262,27
12263,80
12264,62
12265,75
12266,90
12267,2
12268,67
12269,26
12270,40
12271,38
12272,51
12273,67
12274,2
12275,43
12276,12
12277,56
12278,61
12279,71
12280,52
12281,47
12282,51
12283,56
12284,56
12285,11
12286,80
12287,43
12288,38
12289,51
12290,58
12291,71
12292,43
12293,21
12294,23
12295,67
12296,96
12297,17
12298,26
12299,21
12300,56
12301,55
12302,66
12303,80
12304,24
12305,7
12306,7
12307,8
12308,58
12309,38
12310,21
12311,62
12312,14
12313,96
12314,13
12315,59
12316,36
12317,95
12318,28
12319,57
12320,72
